Ensembl,Module
ENSG00000011422,M1_DeRosa35
ENSG00000026297,M1_DeRosa35
ENSG00000026559,M1_DeRosa35
ENSG00000049540,M1_DeRosa35
ENSG00000052126,M1_DeRosa35
ENSG00000070193,M1_DeRosa35
ENSG00000079257,M1_DeRosa35
ENSG00000084754,M1_DeRosa35
ENSG00000087884,M1_DeRosa35
ENSG00000089472,M1_DeRosa35
ENSG00000090013,M1_DeRosa35
ENSG00000093183,M1_DeRosa35
ENSG00000100097,M1_DeRosa35
ENSG00000100441,M1_DeRosa35
ENSG00000100461,M1_DeRosa35
ENSG00000102038,M1_DeRosa35
ENSG00000102359,M1_DeRosa35
ENSG00000103811,M1_DeRosa35
ENSG00000103852,M1_DeRosa35
ENSG00000105639,M1_DeRosa35
ENSG00000105700,M1_DeRosa35
ENSG00000105982,M1_DeRosa35
ENSG00000106244,M1_DeRosa35
ENSG00000107821,M1_DeRosa35
ENSG00000111077,M1_DeRosa35
ENSG00000111817,M1_DeRosa35
ENSG00000113319,M1_DeRosa35
ENSG00000113389,M1_DeRosa35
ENSG00000115414,M1_DeRosa35
ENSG00000116132,M1_DeRosa35
ENSG00000116670,M1_DeRosa35
ENSG00000118960,M1_DeRosa35
ENSG00000120333,M1_DeRosa35
ENSG00000122986,M1_DeRosa35
ENSG00000126945,M1_DeRosa35
ENSG00000127990,M1_DeRosa35
ENSG00000130203,M1_DeRosa35
ENSG00000131475,M1_DeRosa35
ENSG00000132581,M1_DeRosa35
ENSG00000133110,M1_DeRosa35
ENSG00000133519,M1_DeRosa35
ENSG00000135931,M1_DeRosa35
ENSG00000136068,M1_DeRosa35
ENSG00000136940,M1_DeRosa35
ENSG00000137106,M1_DeRosa35
ENSG00000137868,M1_DeRosa35
ENSG00000138722,M1_DeRosa35
ENSG00000139835,M1_DeRosa35
ENSG00000140553,M1_DeRosa35
ENSG00000141338,M1_DeRosa35
ENSG00000141499,M1_DeRosa35
ENSG00000143486,M1_DeRosa35
ENSG00000143553,M1_DeRosa35
ENSG00000143867,M1_DeRosa35
ENSG00000144455,M1_DeRosa35
ENSG00000149929,M1_DeRosa35
ENSG00000150281,M1_DeRosa35
ENSG00000150403,M1_DeRosa35
ENSG00000153246,M1_DeRosa35
ENSG00000154240,M1_DeRosa35
ENSG00000157227,M1_DeRosa35
ENSG00000157502,M1_DeRosa35
ENSG00000158352,M1_DeRosa35
ENSG00000158526,M1_DeRosa35
ENSG00000159377,M1_DeRosa35
ENSG00000160284,M1_DeRosa35
ENSG00000162236,M1_DeRosa35
ENSG00000162576,M1_DeRosa35
ENSG00000162976,M1_DeRosa35
ENSG00000163479,M1_DeRosa35
ENSG00000163913,M1_DeRosa35
ENSG00000164062,M1_DeRosa35
ENSG00000164978,M1_DeRosa35
ENSG00000166482,M1_DeRosa35
ENSG00000166888,M1_DeRosa35
ENSG00000166925,M1_DeRosa35
ENSG00000166997,M1_DeRosa35
ENSG00000167110,M1_DeRosa35
ENSG00000167601,M1_DeRosa35
ENSG00000168036,M1_DeRosa35
ENSG00000168542,M1_DeRosa35
ENSG00000168792,M1_DeRosa35
ENSG00000169515,M1_DeRosa35
ENSG00000170004,M1_DeRosa35
ENSG00000170743,M1_DeRosa35
ENSG00000171408,M1_DeRosa35
ENSG00000172053,M1_DeRosa35
ENSG00000174776,M1_DeRosa35
ENSG00000174807,M1_DeRosa35
ENSG00000175203,M1_DeRosa35
ENSG00000179562,M1_DeRosa35
ENSG00000180178,M1_DeRosa35
ENSG00000180764,M1_DeRosa35
ENSG00000181804,M1_DeRosa35
ENSG00000182168,M1_DeRosa35
ENSG00000182287,M1_DeRosa35
ENSG00000182611,M1_DeRosa35
ENSG00000182621,M1_DeRosa35
ENSG00000182968,M1_DeRosa35
ENSG00000183671,M1_DeRosa35
ENSG00000184208,M1_DeRosa35
ENSG00000185112,M1_DeRosa35
ENSG00000185222,M1_DeRosa35
ENSG00000185339,M1_DeRosa35
ENSG00000187456,M1_DeRosa35
ENSG00000188153,M1_DeRosa35
ENSG00000188987,M1_DeRosa35
ENSG00000196374,M1_DeRosa35
ENSG00000196604,M1_DeRosa35
ENSG00000197061,M1_DeRosa35
ENSG00000204520,M1_DeRosa35
ENSG00000218336,M1_DeRosa35
ENSG00000223865,M1_DeRosa35
ENSG00000225137,M1_DeRosa35
ENSG00000225241,M1_DeRosa35
ENSG00000226823,M1_DeRosa35
ENSG00000233098,M1_DeRosa35
ENSG00000233871,M1_DeRosa35
ENSG00000234390,M1_DeRosa35
ENSG00000234546,M1_DeRosa35
ENSG00000235501,M1_DeRosa35
ENSG00000236924,M1_DeRosa35
ENSG00000241081,M1_DeRosa35
ENSG00000241852,M1_DeRosa35
ENSG00000246705,M1_DeRosa35
ENSG00000247134,M1_DeRosa35
ENSG00000250317,M1_DeRosa35
ENSG00000250358,M1_DeRosa35
ENSG00000250722,M1_DeRosa35
ENSG00000255100,M1_DeRosa35
ENSG00000263470,M1_DeRosa35
ENSG00000263551,M1_DeRosa35
ENSG00000265401,M1_DeRosa35
ENSG00000268129,M1_DeRosa35
ENSG00000271474,M1_DeRosa35
ENSG00000272501,M1_DeRosa35
ENSG00000272831,M1_DeRosa35
ENSG00000001631,M2_DeRosa35
ENSG00000005810,M2_DeRosa35
ENSG00000009413,M2_DeRosa35
ENSG00000012174,M2_DeRosa35
ENSG00000015153,M2_DeRosa35
ENSG00000017260,M2_DeRosa35
ENSG00000023516,M2_DeRosa35
ENSG00000024048,M2_DeRosa35
ENSG00000025796,M2_DeRosa35
ENSG00000033867,M2_DeRosa35
ENSG00000035115,M2_DeRosa35
ENSG00000043514,M2_DeRosa35
ENSG00000047188,M2_DeRosa35
ENSG00000048405,M2_DeRosa35
ENSG00000048991,M2_DeRosa35
ENSG00000053108,M2_DeRosa35
ENSG00000053524,M2_DeRosa35
ENSG00000055917,M2_DeRosa35
ENSG00000056586,M2_DeRosa35
ENSG00000059588,M2_DeRosa35
ENSG00000060749,M2_DeRosa35
ENSG00000064692,M2_DeRosa35
ENSG00000065060,M2_DeRosa35
ENSG00000065923,M2_DeRosa35
ENSG00000066084,M2_DeRosa35
ENSG00000066739,M2_DeRosa35
ENSG00000066777,M2_DeRosa35
ENSG00000066933,M2_DeRosa35
ENSG00000068305,M2_DeRosa35
ENSG00000069493,M2_DeRosa35
ENSG00000070018,M2_DeRosa35
ENSG00000070159,M2_DeRosa35
ENSG00000070756,M2_DeRosa35
ENSG00000070770,M2_DeRosa35
ENSG00000073464,M2_DeRosa35
ENSG00000073803,M2_DeRosa35
ENSG00000073849,M2_DeRosa35
ENSG00000078043,M2_DeRosa35
ENSG00000078399,M2_DeRosa35
ENSG00000079156,M2_DeRosa35
ENSG00000079482,M2_DeRosa35
ENSG00000080200,M2_DeRosa35
ENSG00000081026,M2_DeRosa35
ENSG00000081148,M2_DeRosa35
ENSG00000082258,M2_DeRosa35
ENSG00000082482,M2_DeRosa35
ENSG00000083223,M2_DeRosa35
ENSG00000084444,M2_DeRosa35
ENSG00000085365,M2_DeRosa35
ENSG00000085465,M2_DeRosa35
ENSG00000088179,M2_DeRosa35
ENSG00000089775,M2_DeRosa35
ENSG00000089916,M2_DeRosa35
ENSG00000090061,M2_DeRosa35
ENSG00000091428,M2_DeRosa35
ENSG00000091844,M2_DeRosa35
ENSG00000095203,M2_DeRosa35
ENSG00000095574,M2_DeRosa35
ENSG00000095713,M2_DeRosa35
ENSG00000099994,M2_DeRosa35
ENSG00000100320,M2_DeRosa35
ENSG00000100335,M2_DeRosa35
ENSG00000100523,M2_DeRosa35
ENSG00000100815,M2_DeRosa35
ENSG00000101638,M2_DeRosa35
ENSG00000101654,M2_DeRosa35
ENSG00000101680,M2_DeRosa35
ENSG00000101938,M2_DeRosa35
ENSG00000102753,M2_DeRosa35
ENSG00000102893,M2_DeRosa35
ENSG00000102908,M2_DeRosa35
ENSG00000103196,M2_DeRosa35
ENSG00000103404,M2_DeRosa35
ENSG00000104290,M2_DeRosa35
ENSG00000104343,M2_DeRosa35
ENSG00000105497,M2_DeRosa35
ENSG00000105983,M2_DeRosa35
ENSG00000106038,M2_DeRosa35
ENSG00000106299,M2_DeRosa35
ENSG00000106565,M2_DeRosa35
ENSG00000106603,M2_DeRosa35
ENSG00000106686,M2_DeRosa35
ENSG00000107771,M2_DeRosa35
ENSG00000108389,M2_DeRosa35
ENSG00000108984,M2_DeRosa35
ENSG00000109184,M2_DeRosa35
ENSG00000109576,M2_DeRosa35
ENSG00000109832,M2_DeRosa35
ENSG00000109906,M2_DeRosa35
ENSG00000109920,M2_DeRosa35
ENSG00000111215,M2_DeRosa35
ENSG00000111218,M2_DeRosa35
ENSG00000111605,M2_DeRosa35
ENSG00000112144,M2_DeRosa35
ENSG00000112200,M2_DeRosa35
ENSG00000112218,M2_DeRosa35
ENSG00000112234,M2_DeRosa35
ENSG00000112245,M2_DeRosa35
ENSG00000112276,M2_DeRosa35
ENSG00000112309,M2_DeRosa35
ENSG00000112541,M2_DeRosa35
ENSG00000113296,M2_DeRosa35
ENSG00000113300,M2_DeRosa35
ENSG00000113615,M2_DeRosa35
ENSG00000113966,M2_DeRosa35
ENSG00000114098,M2_DeRosa35
ENSG00000114120,M2_DeRosa35
ENSG00000114423,M2_DeRosa35
ENSG00000114857,M2_DeRosa35
ENSG00000114933,M2_DeRosa35
ENSG00000115504,M2_DeRosa35
ENSG00000115760,M2_DeRosa35
ENSG00000115904,M2_DeRosa35
ENSG00000115963,M2_DeRosa35
ENSG00000115977,M2_DeRosa35
ENSG00000116095,M2_DeRosa35
ENSG00000116698,M2_DeRosa35
ENSG00000117115,M2_DeRosa35
ENSG00000117222,M2_DeRosa35
ENSG00000117394,M2_DeRosa35
ENSG00000117707,M2_DeRosa35
ENSG00000118058,M2_DeRosa35
ENSG00000118200,M2_DeRosa35
ENSG00000118473,M2_DeRosa35
ENSG00000118496,M2_DeRosa35
ENSG00000119509,M2_DeRosa35
ENSG00000119737,M2_DeRosa35
ENSG00000119778,M2_DeRosa35
ENSG00000120328,M2_DeRosa35
ENSG00000120458,M2_DeRosa35
ENSG00000120685,M2_DeRosa35
ENSG00000121314,M2_DeRosa35
ENSG00000121318,M2_DeRosa35
ENSG00000121741,M2_DeRosa35
ENSG00000121879,M2_DeRosa35
ENSG00000122012,M2_DeRosa35
ENSG00000122257,M2_DeRosa35
ENSG00000122741,M2_DeRosa35
ENSG00000122912,M2_DeRosa35
ENSG00000123307,M2_DeRosa35
ENSG00000123338,M2_DeRosa35
ENSG00000123901,M2_DeRosa35
ENSG00000124164,M2_DeRosa35
ENSG00000124209,M2_DeRosa35
ENSG00000124215,M2_DeRosa35
ENSG00000124406,M2_DeRosa35
ENSG00000124602,M2_DeRosa35
ENSG00000124835,M2_DeRosa35
ENSG00000125247,M2_DeRosa35
ENSG00000125637,M2_DeRosa35
ENSG00000126070,M2_DeRosa35
ENSG00000126759,M2_DeRosa35
ENSG00000127334,M2_DeRosa35
ENSG00000127362,M2_DeRosa35
ENSG00000127366,M2_DeRosa35
ENSG00000127995,M2_DeRosa35
ENSG00000128000,M2_DeRosa35
ENSG00000128512,M2_DeRosa35
ENSG00000128585,M2_DeRosa35
ENSG00000128872,M2_DeRosa35
ENSG00000129003,M2_DeRosa35
ENSG00000129167,M2_DeRosa35
ENSG00000129422,M2_DeRosa35
ENSG00000130024,M2_DeRosa35
ENSG00000130287,M2_DeRosa35
ENSG00000130997,M2_DeRosa35
ENSG00000131023,M2_DeRosa35
ENSG00000131480,M2_DeRosa35
ENSG00000131711,M2_DeRosa35
ENSG00000132164,M2_DeRosa35
ENSG00000132326,M2_DeRosa35
ENSG00000132466,M2_DeRosa35
ENSG00000132938,M2_DeRosa35
ENSG00000133858,M2_DeRosa35
ENSG00000134007,M2_DeRosa35
ENSG00000134265,M2_DeRosa35
ENSG00000134278,M2_DeRosa35
ENSG00000134444,M2_DeRosa35
ENSG00000134627,M2_DeRosa35
ENSG00000135040,M2_DeRosa35
ENSG00000135164,M2_DeRosa35
ENSG00000135341,M2_DeRosa35
ENSG00000135414,M2_DeRosa35
ENSG00000135720,M2_DeRosa35
ENSG00000135823,M2_DeRosa35
ENSG00000135870,M2_DeRosa35
ENSG00000135968,M2_DeRosa35
ENSG00000136237,M2_DeRosa35
ENSG00000136381,M2_DeRosa35
ENSG00000137414,M2_DeRosa35
ENSG00000137460,M2_DeRosa35
ENSG00000138668,M2_DeRosa35
ENSG00000138670,M2_DeRosa35
ENSG00000138686,M2_DeRosa35
ENSG00000138756,M2_DeRosa35
ENSG00000139132,M2_DeRosa35
ENSG00000139163,M2_DeRosa35
ENSG00000139364,M2_DeRosa35
ENSG00000139746,M2_DeRosa35
ENSG00000139910,M2_DeRosa35
ENSG00000139915,M2_DeRosa35
ENSG00000139974,M2_DeRosa35
ENSG00000140470,M2_DeRosa35
ENSG00000140471,M2_DeRosa35
ENSG00000141449,M2_DeRosa35
ENSG00000142178,M2_DeRosa35
ENSG00000142675,M2_DeRosa35
ENSG00000143190,M2_DeRosa35
ENSG00000143494,M2_DeRosa35
ENSG00000143858,M2_DeRosa35
ENSG00000144320,M2_DeRosa35
ENSG00000144331,M2_DeRosa35
ENSG00000144357,M2_DeRosa35
ENSG00000144847,M2_DeRosa35
ENSG00000145362,M2_DeRosa35
ENSG00000145757,M2_DeRosa35
ENSG00000145808,M2_DeRosa35
ENSG00000146006,M2_DeRosa35
ENSG00000146247,M2_DeRosa35
ENSG00000146267,M2_DeRosa35
ENSG00000146276,M2_DeRosa35
ENSG00000146373,M2_DeRosa35
ENSG00000146676,M2_DeRosa35
ENSG00000146802,M2_DeRosa35
ENSG00000146938,M2_DeRosa35
ENSG00000147586,M2_DeRosa35
ENSG00000148158,M2_DeRosa35
ENSG00000148950,M2_DeRosa35
ENSG00000149295,M2_DeRosa35
ENSG00000149308,M2_DeRosa35
ENSG00000149564,M2_DeRosa35
ENSG00000150275,M2_DeRosa35
ENSG00000150394,M2_DeRosa35
ENSG00000150401,M2_DeRosa35
ENSG00000151092,M2_DeRosa35
ENSG00000151532,M2_DeRosa35
ENSG00000151687,M2_DeRosa35
ENSG00000151746,M2_DeRosa35
ENSG00000151789,M2_DeRosa35
ENSG00000151923,M2_DeRosa35
ENSG00000151967,M2_DeRosa35
ENSG00000152270,M2_DeRosa35
ENSG00000152409,M2_DeRosa35
ENSG00000152439,M2_DeRosa35
ENSG00000152492,M2_DeRosa35
ENSG00000152670,M2_DeRosa35
ENSG00000152782,M2_DeRosa35
ENSG00000152990,M2_DeRosa35
ENSG00000153006,M2_DeRosa35
ENSG00000153012,M2_DeRosa35
ENSG00000153147,M2_DeRosa35
ENSG00000153563,M2_DeRosa35
ENSG00000153914,M2_DeRosa35
ENSG00000153944,M2_DeRosa35
ENSG00000154001,M2_DeRosa35
ENSG00000154114,M2_DeRosa35
ENSG00000154478,M2_DeRosa35
ENSG00000154639,M2_DeRosa35
ENSG00000154655,M2_DeRosa35
ENSG00000155506,M2_DeRosa35
ENSG00000155640,M2_DeRosa35
ENSG00000155744,M2_DeRosa35
ENSG00000155849,M2_DeRosa35
ENSG00000155970,M2_DeRosa35
ENSG00000156113,M2_DeRosa35
ENSG00000156304,M2_DeRosa35
ENSG00000156395,M2_DeRosa35
ENSG00000156804,M2_DeRosa35
ENSG00000157077,M2_DeRosa35
ENSG00000157106,M2_DeRosa35
ENSG00000157224,M2_DeRosa35
ENSG00000157450,M2_DeRosa35
ENSG00000157800,M2_DeRosa35
ENSG00000157869,M2_DeRosa35
ENSG00000157890,M2_DeRosa35
ENSG00000158571,M2_DeRosa35
ENSG00000159086,M2_DeRosa35
ENSG00000159140,M2_DeRosa35
ENSG00000160551,M2_DeRosa35
ENSG00000162065,M2_DeRosa35
ENSG00000162378,M2_DeRosa35
ENSG00000162433,M2_DeRosa35
ENSG00000162521,M2_DeRosa35
ENSG00000162601,M2_DeRosa35
ENSG00000162669,M2_DeRosa35
ENSG00000162959,M2_DeRosa35
ENSG00000163214,M2_DeRosa35
ENSG00000163312,M2_DeRosa35
ENSG00000163328,M2_DeRosa35
ENSG00000163393,M2_DeRosa35
ENSG00000163449,M2_DeRosa35
ENSG00000163631,M2_DeRosa35
ENSG00000163635,M2_DeRosa35
ENSG00000163646,M2_DeRosa35
ENSG00000163867,M2_DeRosa35
ENSG00000163960,M2_DeRosa35
ENSG00000164175,M2_DeRosa35
ENSG00000164187,M2_DeRosa35
ENSG00000164329,M2_DeRosa35
ENSG00000164434,M2_DeRosa35
ENSG00000164506,M2_DeRosa35
ENSG00000164631,M2_DeRosa35
ENSG00000165091,M2_DeRosa35
ENSG00000165449,M2_DeRosa35
ENSG00000165555,M2_DeRosa35
ENSG00000165572,M2_DeRosa35
ENSG00000165659,M2_DeRosa35
ENSG00000165661,M2_DeRosa35
ENSG00000165757,M2_DeRosa35
ENSG00000165805,M2_DeRosa35
ENSG00000165959,M2_DeRosa35
ENSG00000165966,M2_DeRosa35
ENSG00000166233,M2_DeRosa35
ENSG00000166323,M2_DeRosa35
ENSG00000166833,M2_DeRosa35
ENSG00000167281,M2_DeRosa35
ENSG00000167524,M2_DeRosa35
ENSG00000168214,M2_DeRosa35
ENSG00000168260,M2_DeRosa35
ENSG00000168813,M2_DeRosa35
ENSG00000168826,M2_DeRosa35
ENSG00000168939,M2_DeRosa35
ENSG00000169087,M2_DeRosa35
ENSG00000169446,M2_DeRosa35
ENSG00000169836,M2_DeRosa35
ENSG00000169967,M2_DeRosa35
ENSG00000170144,M2_DeRosa35
ENSG00000170145,M2_DeRosa35
ENSG00000170234,M2_DeRosa35
ENSG00000170456,M2_DeRosa35
ENSG00000170579,M2_DeRosa35
ENSG00000170677,M2_DeRosa35
ENSG00000170802,M2_DeRosa35
ENSG00000171016,M2_DeRosa35
ENSG00000171295,M2_DeRosa35
ENSG00000171476,M2_DeRosa35
ENSG00000171786,M2_DeRosa35
ENSG00000171843,M2_DeRosa35
ENSG00000171877,M2_DeRosa35
ENSG00000172349,M2_DeRosa35
ENSG00000172425,M2_DeRosa35
ENSG00000172493,M2_DeRosa35
ENSG00000172766,M2_DeRosa35
ENSG00000172817,M2_DeRosa35
ENSG00000172901,M2_DeRosa35
ENSG00000173120,M2_DeRosa35
ENSG00000173276,M2_DeRosa35
ENSG00000173334,M2_DeRosa35
ENSG00000173542,M2_DeRosa35
ENSG00000173611,M2_DeRosa35
ENSG00000173726,M2_DeRosa35
ENSG00000173744,M2_DeRosa35
ENSG00000173889,M2_DeRosa35
ENSG00000174136,M2_DeRosa35
ENSG00000174417,M2_DeRosa35
ENSG00000174501,M2_DeRosa35
ENSG00000174796,M2_DeRosa35
ENSG00000175029,M2_DeRosa35
ENSG00000175048,M2_DeRosa35
ENSG00000175073,M2_DeRosa35
ENSG00000175105,M2_DeRosa35
ENSG00000175414,M2_DeRosa35
ENSG00000175455,M2_DeRosa35
ENSG00000175764,M2_DeRosa35
ENSG00000175787,M2_DeRosa35
ENSG00000175874,M2_DeRosa35
ENSG00000175893,M2_DeRosa35
ENSG00000176148,M2_DeRosa35
ENSG00000176824,M2_DeRosa35
ENSG00000176945,M2_DeRosa35
ENSG00000177058,M2_DeRosa35
ENSG00000177335,M2_DeRosa35
ENSG00000177565,M2_DeRosa35
ENSG00000177853,M2_DeRosa35
ENSG00000177888,M2_DeRosa35
ENSG00000178127,M2_DeRosa35
ENSG00000178177,M2_DeRosa35
ENSG00000178440,M2_DeRosa35
ENSG00000178691,M2_DeRosa35
ENSG00000178966,M2_DeRosa35
ENSG00000179294,M2_DeRosa35
ENSG00000179532,M2_DeRosa35
ENSG00000179978,M2_DeRosa35
ENSG00000180071,M2_DeRosa35
ENSG00000180113,M2_DeRosa35
ENSG00000180221,M2_DeRosa35
ENSG00000180370,M2_DeRosa35
ENSG00000180479,M2_DeRosa35
ENSG00000180616,M2_DeRosa35
ENSG00000180694,M2_DeRosa35
ENSG00000180828,M2_DeRosa35
ENSG00000180875,M2_DeRosa35
ENSG00000180953,M2_DeRosa35
ENSG00000181619,M2_DeRosa35
ENSG00000181827,M2_DeRosa35
ENSG00000181965,M2_DeRosa35
ENSG00000182150,M2_DeRosa35
ENSG00000182185,M2_DeRosa35
ENSG00000182324,M2_DeRosa35
ENSG00000182742,M2_DeRosa35
ENSG00000182903,M2_DeRosa35
ENSG00000183530,M2_DeRosa35
ENSG00000183604,M2_DeRosa35
ENSG00000183943,M2_DeRosa35
ENSG00000184083,M2_DeRosa35
ENSG00000184344,M2_DeRosa35
ENSG00000184408,M2_DeRosa35
ENSG00000184465,M2_DeRosa35
ENSG00000184611,M2_DeRosa35
ENSG00000185031,M2_DeRosa35
ENSG00000185053,M2_DeRosa35
ENSG00000185477,M2_DeRosa35
ENSG00000185565,M2_DeRosa35
ENSG00000185658,M2_DeRosa35
ENSG00000185716,M2_DeRosa35
ENSG00000185722,M2_DeRosa35
ENSG00000186020,M2_DeRosa35
ENSG00000186352,M2_DeRosa35
ENSG00000186364,M2_DeRosa35
ENSG00000186660,M2_DeRosa35
ENSG00000187068,M2_DeRosa35
ENSG00000187257,M2_DeRosa35
ENSG00000187672,M2_DeRosa35
ENSG00000187753,M2_DeRosa35
ENSG00000187762,M2_DeRosa35
ENSG00000187944,M2_DeRosa35
ENSG00000188092,M2_DeRosa35
ENSG00000188559,M2_DeRosa35
ENSG00000189056,M2_DeRosa35
ENSG00000189410,M2_DeRosa35
ENSG00000196177,M2_DeRosa35
ENSG00000196208,M2_DeRosa35
ENSG00000196233,M2_DeRosa35
ENSG00000196323,M2_DeRosa35
ENSG00000196428,M2_DeRosa35
ENSG00000196482,M2_DeRosa35
ENSG00000196505,M2_DeRosa35
ENSG00000196534,M2_DeRosa35
ENSG00000196850,M2_DeRosa35
ENSG00000196865,M2_DeRosa35
ENSG00000197024,M2_DeRosa35
ENSG00000197121,M2_DeRosa35
ENSG00000197147,M2_DeRosa35
ENSG00000197301,M2_DeRosa35
ENSG00000197302,M2_DeRosa35
ENSG00000197323,M2_DeRosa35
ENSG00000197479,M2_DeRosa35
ENSG00000197576,M2_DeRosa35
ENSG00000197584,M2_DeRosa35
ENSG00000197714,M2_DeRosa35
ENSG00000197779,M2_DeRosa35
ENSG00000198046,M2_DeRosa35
ENSG00000198060,M2_DeRosa35
ENSG00000198105,M2_DeRosa35
ENSG00000198265,M2_DeRosa35
ENSG00000198315,M2_DeRosa35
ENSG00000198586,M2_DeRosa35
ENSG00000198590,M2_DeRosa35
ENSG00000198625,M2_DeRosa35
ENSG00000198879,M2_DeRosa35
ENSG00000198900,M2_DeRosa35
ENSG00000198932,M2_DeRosa35
ENSG00000199645,M2_DeRosa35
ENSG00000200701,M2_DeRosa35
ENSG00000200882,M2_DeRosa35
ENSG00000201044,M2_DeRosa35
ENSG00000201209,M2_DeRosa35
ENSG00000201367,M2_DeRosa35
ENSG00000202141,M2_DeRosa35
ENSG00000202374,M2_DeRosa35
ENSG00000203286,M2_DeRosa35
ENSG00000203401,M2_DeRosa35
ENSG00000203504,M2_DeRosa35
ENSG00000203737,M2_DeRosa35
ENSG00000203872,M2_DeRosa35
ENSG00000204161,M2_DeRosa35
ENSG00000205189,M2_DeRosa35
ENSG00000205269,M2_DeRosa35
ENSG00000205485,M2_DeRosa35
ENSG00000205534,M2_DeRosa35
ENSG00000206635,M2_DeRosa35
ENSG00000206932,M2_DeRosa35
ENSG00000207357,M2_DeRosa35
ENSG00000207417,M2_DeRosa35
ENSG00000211456,M2_DeRosa35
ENSG00000212124,M2_DeRosa35
ENSG00000212125,M2_DeRosa35
ENSG00000212126,M2_DeRosa35
ENSG00000212127,M2_DeRosa35
ENSG00000212128,M2_DeRosa35
ENSG00000212389,M2_DeRosa35
ENSG00000213368,M2_DeRosa35
ENSG00000213659,M2_DeRosa35
ENSG00000213903,M2_DeRosa35
ENSG00000214067,M2_DeRosa35
ENSG00000214595,M2_DeRosa35
ENSG00000214842,M2_DeRosa35
ENSG00000215158,M2_DeRosa35
ENSG00000215184,M2_DeRosa35
ENSG00000215218,M2_DeRosa35
ENSG00000215346,M2_DeRosa35
ENSG00000215559,M2_DeRosa35
ENSG00000216809,M2_DeRosa35
ENSG00000216990,M2_DeRosa35
ENSG00000218418,M2_DeRosa35
ENSG00000218596,M2_DeRosa35
ENSG00000218730,M2_DeRosa35
ENSG00000221291,M2_DeRosa35
ENSG00000221439,M2_DeRosa35
ENSG00000223779,M2_DeRosa35
ENSG00000223963,M2_DeRosa35
ENSG00000224005,M2_DeRosa35
ENSG00000224035,M2_DeRosa35
ENSG00000224251,M2_DeRosa35
ENSG00000224479,M2_DeRosa35
ENSG00000224849,M2_DeRosa35
ENSG00000224903,M2_DeRosa35
ENSG00000225135,M2_DeRosa35
ENSG00000225345,M2_DeRosa35
ENSG00000225423,M2_DeRosa35
ENSG00000225527,M2_DeRosa35
ENSG00000225900,M2_DeRosa35
ENSG00000225930,M2_DeRosa35
ENSG00000226002,M2_DeRosa35
ENSG00000226010,M2_DeRosa35
ENSG00000226107,M2_DeRosa35
ENSG00000226352,M2_DeRosa35
ENSG00000226578,M2_DeRosa35
ENSG00000226761,M2_DeRosa35
ENSG00000226801,M2_DeRosa35
ENSG00000226904,M2_DeRosa35
ENSG00000227248,M2_DeRosa35
ENSG00000227541,M2_DeRosa35
ENSG00000227681,M2_DeRosa35
ENSG00000228043,M2_DeRosa35
ENSG00000228057,M2_DeRosa35
ENSG00000228348,M2_DeRosa35
ENSG00000228495,M2_DeRosa35
ENSG00000228828,M2_DeRosa35
ENSG00000229017,M2_DeRosa35
ENSG00000229276,M2_DeRosa35
ENSG00000229492,M2_DeRosa35
ENSG00000229521,M2_DeRosa35
ENSG00000229727,M2_DeRosa35
ENSG00000230333,M2_DeRosa35
ENSG00000230461,M2_DeRosa35
ENSG00000230470,M2_DeRosa35
ENSG00000231025,M2_DeRosa35
ENSG00000231074,M2_DeRosa35
ENSG00000232085,M2_DeRosa35
ENSG00000232097,M2_DeRosa35
ENSG00000232116,M2_DeRosa35
ENSG00000232184,M2_DeRosa35
ENSG00000232282,M2_DeRosa35
ENSG00000232795,M2_DeRosa35
ENSG00000233012,M2_DeRosa35
ENSG00000233137,M2_DeRosa35
ENSG00000233178,M2_DeRosa35
ENSG00000233184,M2_DeRosa35
ENSG00000233264,M2_DeRosa35
ENSG00000233280,M2_DeRosa35
ENSG00000233540,M2_DeRosa35
ENSG00000233611,M2_DeRosa35
ENSG00000233644,M2_DeRosa35
ENSG00000233932,M2_DeRosa35
ENSG00000234224,M2_DeRosa35
ENSG00000234358,M2_DeRosa35
ENSG00000234886,M2_DeRosa35
ENSG00000235448,M2_DeRosa35
ENSG00000235518,M2_DeRosa35
ENSG00000235531,M2_DeRosa35
ENSG00000236088,M2_DeRosa35
ENSG00000236154,M2_DeRosa35
ENSG00000236184,M2_DeRosa35
ENSG00000236194,M2_DeRosa35
ENSG00000236255,M2_DeRosa35
ENSG00000236860,M2_DeRosa35
ENSG00000236977,M2_DeRosa35
ENSG00000237161,M2_DeRosa35
ENSG00000237162,M2_DeRosa35
ENSG00000237321,M2_DeRosa35
ENSG00000237359,M2_DeRosa35
ENSG00000237726,M2_DeRosa35
ENSG00000238339,M2_DeRosa35
ENSG00000238638,M2_DeRosa35
ENSG00000238834,M2_DeRosa35
ENSG00000238998,M2_DeRosa35
ENSG00000239494,M2_DeRosa35
ENSG00000239570,M2_DeRosa35
ENSG00000239627,M2_DeRosa35
ENSG00000239650,M2_DeRosa35
ENSG00000239665,M2_DeRosa35
ENSG00000240184,M2_DeRosa35
ENSG00000240207,M2_DeRosa35
ENSG00000240291,M2_DeRosa35
ENSG00000240393,M2_DeRosa35
ENSG00000240412,M2_DeRosa35
ENSG00000240720,M2_DeRosa35
ENSG00000240761,M2_DeRosa35
ENSG00000241120,M2_DeRosa35
ENSG00000241261,M2_DeRosa35
ENSG00000241772,M2_DeRosa35
ENSG00000241962,M2_DeRosa35
ENSG00000241978,M2_DeRosa35
ENSG00000242152,M2_DeRosa35
ENSG00000242540,M2_DeRosa35
ENSG00000242588,M2_DeRosa35
ENSG00000242889,M2_DeRosa35
ENSG00000243004,M2_DeRosa35
ENSG00000243156,M2_DeRosa35
ENSG00000243319,M2_DeRosa35
ENSG00000243398,M2_DeRosa35
ENSG00000243431,M2_DeRosa35
ENSG00000243508,M2_DeRosa35
ENSG00000243721,M2_DeRosa35
ENSG00000243960,M2_DeRosa35
ENSG00000244112,M2_DeRosa35
ENSG00000245552,M2_DeRosa35
ENSG00000245937,M2_DeRosa35
ENSG00000245958,M2_DeRosa35
ENSG00000246477,M2_DeRosa35
ENSG00000246922,M2_DeRosa35
ENSG00000248445,M2_DeRosa35
ENSG00000248483,M2_DeRosa35
ENSG00000248731,M2_DeRosa35
ENSG00000248790,M2_DeRosa35
ENSG00000248932,M2_DeRosa35
ENSG00000249307,M2_DeRosa35
ENSG00000249635,M2_DeRosa35
ENSG00000249992,M2_DeRosa35
ENSG00000250056,M2_DeRosa35
ENSG00000250130,M2_DeRosa35
ENSG00000250156,M2_DeRosa35
ENSG00000250305,M2_DeRosa35
ENSG00000250371,M2_DeRosa35
ENSG00000250878,M2_DeRosa35
ENSG00000250933,M2_DeRosa35
ENSG00000251323,M2_DeRosa35
ENSG00000251331,M2_DeRosa35
ENSG00000251348,M2_DeRosa35
ENSG00000251456,M2_DeRosa35
ENSG00000251682,M2_DeRosa35
ENSG00000252130,M2_DeRosa35
ENSG00000252503,M2_DeRosa35
ENSG00000252985,M2_DeRosa35
ENSG00000253187,M2_DeRosa35
ENSG00000253222,M2_DeRosa35
ENSG00000253293,M2_DeRosa35
ENSG00000253405,M2_DeRosa35
ENSG00000253641,M2_DeRosa35
ENSG00000253726,M2_DeRosa35
ENSG00000253974,M2_DeRosa35
ENSG00000254048,M2_DeRosa35
ENSG00000254180,M2_DeRosa35
ENSG00000254330,M2_DeRosa35
ENSG00000254463,M2_DeRosa35
ENSG00000254556,M2_DeRosa35
ENSG00000254936,M2_DeRosa35
ENSG00000255090,M2_DeRosa35
ENSG00000255322,M2_DeRosa35
ENSG00000255403,M2_DeRosa35
ENSG00000255837,M2_DeRosa35
ENSG00000256019,M2_DeRosa35
ENSG00000256188,M2_DeRosa35
ENSG00000256360,M2_DeRosa35
ENSG00000256420,M2_DeRosa35
ENSG00000256436,M2_DeRosa35
ENSG00000256682,M2_DeRosa35
ENSG00000256712,M2_DeRosa35
ENSG00000256973,M2_DeRosa35
ENSG00000256981,M2_DeRosa35
ENSG00000257093,M2_DeRosa35
ENSG00000257151,M2_DeRosa35
ENSG00000257242,M2_DeRosa35
ENSG00000257680,M2_DeRosa35
ENSG00000257818,M2_DeRosa35
ENSG00000257954,M2_DeRosa35
ENSG00000258375,M2_DeRosa35
ENSG00000258548,M2_DeRosa35
ENSG00000258738,M2_DeRosa35
ENSG00000258754,M2_DeRosa35
ENSG00000258768,M2_DeRosa35
ENSG00000258890,M2_DeRosa35
ENSG00000259158,M2_DeRosa35
ENSG00000259336,M2_DeRosa35
ENSG00000259377,M2_DeRosa35
ENSG00000259673,M2_DeRosa35
ENSG00000259740,M2_DeRosa35
ENSG00000259758,M2_DeRosa35
ENSG00000259915,M2_DeRosa35
ENSG00000259946,M2_DeRosa35
ENSG00000259959,M2_DeRosa35
ENSG00000260118,M2_DeRosa35
ENSG00000260230,M2_DeRosa35
ENSG00000260248,M2_DeRosa35
ENSG00000260317,M2_DeRosa35
ENSG00000260398,M2_DeRosa35
ENSG00000260400,M2_DeRosa35
ENSG00000260409,M2_DeRosa35
ENSG00000260455,M2_DeRosa35
ENSG00000260534,M2_DeRosa35
ENSG00000260583,M2_DeRosa35
ENSG00000260600,M2_DeRosa35
ENSG00000260695,M2_DeRosa35
ENSG00000260816,M2_DeRosa35
ENSG00000260912,M2_DeRosa35
ENSG00000260931,M2_DeRosa35
ENSG00000260941,M2_DeRosa35
ENSG00000260948,M2_DeRosa35
ENSG00000261019,M2_DeRosa35
ENSG00000261072,M2_DeRosa35
ENSG00000261326,M2_DeRosa35
ENSG00000261426,M2_DeRosa35
ENSG00000261451,M2_DeRosa35
ENSG00000261529,M2_DeRosa35
ENSG00000261534,M2_DeRosa35
ENSG00000261542,M2_DeRosa35
ENSG00000261609,M2_DeRosa35
ENSG00000261654,M2_DeRosa35
ENSG00000261670,M2_DeRosa35
ENSG00000261716,M2_DeRosa35
ENSG00000261799,M2_DeRosa35
ENSG00000262096,M2_DeRosa35
ENSG00000262119,M2_DeRosa35
ENSG00000262180,M2_DeRosa35
ENSG00000262803,M2_DeRosa35
ENSG00000263906,M2_DeRosa35
ENSG00000263938,M2_DeRosa35
ENSG00000264099,M2_DeRosa35
ENSG00000264112,M2_DeRosa35
ENSG00000264449,M2_DeRosa35
ENSG00000264538,M2_DeRosa35
ENSG00000264845,M2_DeRosa35
ENSG00000265254,M2_DeRosa35
ENSG00000265452,M2_DeRosa35
ENSG00000265945,M2_DeRosa35
ENSG00000265967,M2_DeRosa35
ENSG00000266045,M2_DeRosa35
ENSG00000266744,M2_DeRosa35
ENSG00000266900,M2_DeRosa35
ENSG00000266910,M2_DeRosa35
ENSG00000266935,M2_DeRosa35
ENSG00000266965,M2_DeRosa35
ENSG00000267194,M2_DeRosa35
ENSG00000267586,M2_DeRosa35
ENSG00000267940,M2_DeRosa35
ENSG00000269069,M2_DeRosa35
ENSG00000269821,M2_DeRosa35
ENSG00000269938,M2_DeRosa35
ENSG00000269942,M2_DeRosa35
ENSG00000269951,M2_DeRosa35
ENSG00000269965,M2_DeRosa35
ENSG00000269997,M2_DeRosa35
ENSG00000270039,M2_DeRosa35
ENSG00000270101,M2_DeRosa35
ENSG00000270116,M2_DeRosa35
ENSG00000270225,M2_DeRosa35
ENSG00000270237,M2_DeRosa35
ENSG00000270540,M2_DeRosa35
ENSG00000270581,M2_DeRosa35
ENSG00000270689,M2_DeRosa35
ENSG00000270742,M2_DeRosa35
ENSG00000270874,M2_DeRosa35
ENSG00000270923,M2_DeRosa35
ENSG00000271078,M2_DeRosa35
ENSG00000271105,M2_DeRosa35
ENSG00000271141,M2_DeRosa35
ENSG00000271147,M2_DeRosa35
ENSG00000271347,M2_DeRosa35
ENSG00000271430,M2_DeRosa35
ENSG00000271533,M2_DeRosa35
ENSG00000271761,M2_DeRosa35
ENSG00000271795,M2_DeRosa35
ENSG00000271967,M2_DeRosa35
ENSG00000271976,M2_DeRosa35
ENSG00000272040,M2_DeRosa35
ENSG00000272072,M2_DeRosa35
ENSG00000272076,M2_DeRosa35
ENSG00000272077,M2_DeRosa35
ENSG00000272216,M2_DeRosa35
ENSG00000272325,M2_DeRosa35
ENSG00000272343,M2_DeRosa35
ENSG00000272345,M2_DeRosa35
ENSG00000272365,M2_DeRosa35
ENSG00000272367,M2_DeRosa35
ENSG00000272477,M2_DeRosa35
ENSG00000272498,M2_DeRosa35
ENSG00000272505,M2_DeRosa35
ENSG00000272529,M2_DeRosa35
ENSG00000272568,M2_DeRosa35
ENSG00000272660,M2_DeRosa35
ENSG00000272699,M2_DeRosa35
ENSG00000272983,M2_DeRosa35
ENSG00000272990,M2_DeRosa35
ENSG00000273033,M2_DeRosa35
ENSG00000273081,M2_DeRosa35
ENSG00000273156,M2_DeRosa35
ENSG00000273294,M2_DeRosa35
ENSG00000273381,M2_DeRosa35
ENSG00000273483,M2_DeRosa35
ENSG00000273489,M2_DeRosa35
ENSG00000028839,M3_DeRosa35
ENSG00000081386,M3_DeRosa35
ENSG00000087448,M3_DeRosa35
ENSG00000097033,M3_DeRosa35
ENSG00000104112,M3_DeRosa35
ENSG00000105143,M3_DeRosa35
ENSG00000108091,M3_DeRosa35
ENSG00000111110,M3_DeRosa35
ENSG00000114648,M3_DeRosa35
ENSG00000137449,M3_DeRosa35
ENSG00000137992,M3_DeRosa35
ENSG00000139180,M3_DeRosa35
ENSG00000147481,M3_DeRosa35
ENSG00000147905,M3_DeRosa35
ENSG00000152495,M3_DeRosa35
ENSG00000163681,M3_DeRosa35
ENSG00000164251,M3_DeRosa35
ENSG00000165259,M3_DeRosa35
ENSG00000170027,M3_DeRosa35
ENSG00000172292,M3_DeRosa35
ENSG00000173221,M3_DeRosa35
ENSG00000177675,M3_DeRosa35
ENSG00000180777,M3_DeRosa35
ENSG00000185104,M3_DeRosa35
ENSG00000186272,M3_DeRosa35
ENSG00000189144,M3_DeRosa35
ENSG00000196715,M3_DeRosa35
ENSG00000197016,M3_DeRosa35
ENSG00000198182,M3_DeRosa35
ENSG00000230001,M3_DeRosa35
ENSG00000256223,M3_DeRosa35
ENSG00000258441,M3_DeRosa35
ENSG00000259941,M3_DeRosa35
ENSG00000260160,M3_DeRosa35
ENSG00000260920,M3_DeRosa35
ENSG00000261762,M3_DeRosa35
ENSG00000267167,M3_DeRosa35
ENSG00000001036,M4_DeRosa35
ENSG00000006453,M4_DeRosa35
ENSG00000006757,M4_DeRosa35
ENSG00000010219,M4_DeRosa35
ENSG00000014123,M4_DeRosa35
ENSG00000021355,M4_DeRosa35
ENSG00000021826,M4_DeRosa35
ENSG00000024862,M4_DeRosa35
ENSG00000043355,M4_DeRosa35
ENSG00000046889,M4_DeRosa35
ENSG00000047457,M4_DeRosa35
ENSG00000060718,M4_DeRosa35
ENSG00000067900,M4_DeRosa35
ENSG00000070010,M4_DeRosa35
ENSG00000073331,M4_DeRosa35
ENSG00000075142,M4_DeRosa35
ENSG00000077238,M4_DeRosa35
ENSG00000081870,M4_DeRosa35
ENSG00000083099,M4_DeRosa35
ENSG00000083857,M4_DeRosa35
ENSG00000088756,M4_DeRosa35
ENSG00000089177,M4_DeRosa35
ENSG00000089248,M4_DeRosa35
ENSG00000089876,M4_DeRosa35
ENSG00000092841,M4_DeRosa35
ENSG00000092969,M4_DeRosa35
ENSG00000095596,M4_DeRosa35
ENSG00000095777,M4_DeRosa35
ENSG00000095794,M4_DeRosa35
ENSG00000099860,M4_DeRosa35
ENSG00000100883,M4_DeRosa35
ENSG00000102024,M4_DeRosa35
ENSG00000102034,M4_DeRosa35
ENSG00000102172,M4_DeRosa35
ENSG00000102760,M4_DeRosa35
ENSG00000105171,M4_DeRosa35
ENSG00000105559,M4_DeRosa35
ENSG00000106638,M4_DeRosa35
ENSG00000107164,M4_DeRosa35
ENSG00000109016,M4_DeRosa35
ENSG00000109111,M4_DeRosa35
ENSG00000111058,M4_DeRosa35
ENSG00000111859,M4_DeRosa35
ENSG00000112175,M4_DeRosa35
ENSG00000114738,M4_DeRosa35
ENSG00000115159,M4_DeRosa35
ENSG00000115652,M4_DeRosa35
ENSG00000116199,M4_DeRosa35
ENSG00000118507,M4_DeRosa35
ENSG00000120332,M4_DeRosa35
ENSG00000121064,M4_DeRosa35
ENSG00000121570,M4_DeRosa35
ENSG00000122641,M4_DeRosa35
ENSG00000123130,M4_DeRosa35
ENSG00000123427,M4_DeRosa35
ENSG00000127452,M4_DeRosa35
ENSG00000127589,M4_DeRosa35
ENSG00000127870,M4_DeRosa35
ENSG00000128606,M4_DeRosa35
ENSG00000129187,M4_DeRosa35
ENSG00000130818,M4_DeRosa35
ENSG00000131469,M4_DeRosa35
ENSG00000131724,M4_DeRosa35
ENSG00000132205,M4_DeRosa35
ENSG00000132256,M4_DeRosa35
ENSG00000133107,M4_DeRosa35
ENSG00000133138,M4_DeRosa35
ENSG00000134115,M4_DeRosa35
ENSG00000134291,M4_DeRosa35
ENSG00000136448,M4_DeRosa35
ENSG00000136874,M4_DeRosa35
ENSG00000137076,M4_DeRosa35
ENSG00000137310,M4_DeRosa35
ENSG00000137331,M4_DeRosa35
ENSG00000137831,M4_DeRosa35
ENSG00000138613,M4_DeRosa35
ENSG00000138735,M4_DeRosa35
ENSG00000139117,M4_DeRosa35
ENSG00000139517,M4_DeRosa35
ENSG00000139793,M4_DeRosa35
ENSG00000139800,M4_DeRosa35
ENSG00000139926,M4_DeRosa35
ENSG00000140563,M4_DeRosa35
ENSG00000140990,M4_DeRosa35
ENSG00000143418,M4_DeRosa35
ENSG00000143545,M4_DeRosa35
ENSG00000144366,M4_DeRosa35
ENSG00000144810,M4_DeRosa35
ENSG00000144824,M4_DeRosa35
ENSG00000145632,M4_DeRosa35
ENSG00000147246,M4_DeRosa35
ENSG00000150907,M4_DeRosa35
ENSG00000151135,M4_DeRosa35
ENSG00000153071,M4_DeRosa35
ENSG00000153406,M4_DeRosa35
ENSG00000154229,M4_DeRosa35
ENSG00000157978,M4_DeRosa35
ENSG00000160051,M4_DeRosa35
ENSG00000162813,M4_DeRosa35
ENSG00000163017,M4_DeRosa35
ENSG00000163430,M4_DeRosa35
ENSG00000164171,M4_DeRosa35
ENSG00000166147,M4_DeRosa35
ENSG00000168242,M4_DeRosa35
ENSG00000168679,M4_DeRosa35
ENSG00000168894,M4_DeRosa35
ENSG00000169371,M4_DeRosa35
ENSG00000170340,M4_DeRosa35
ENSG00000170962,M4_DeRosa35
ENSG00000171502,M4_DeRosa35
ENSG00000171806,M4_DeRosa35
ENSG00000172339,M4_DeRosa35
ENSG00000172809,M4_DeRosa35
ENSG00000174791,M4_DeRosa35
ENSG00000176170,M4_DeRosa35
ENSG00000176390,M4_DeRosa35
ENSG00000176697,M4_DeRosa35
ENSG00000176928,M4_DeRosa35
ENSG00000177822,M4_DeRosa35
ENSG00000178573,M4_DeRosa35
ENSG00000179133,M4_DeRosa35
ENSG00000179796,M4_DeRosa35
ENSG00000181826,M4_DeRosa35
ENSG00000183722,M4_DeRosa35
ENSG00000184378,M4_DeRosa35
ENSG00000184743,M4_DeRosa35
ENSG00000184867,M4_DeRosa35
ENSG00000185149,M4_DeRosa35
ENSG00000185201,M4_DeRosa35
ENSG00000185298,M4_DeRosa35
ENSG00000185798,M4_DeRosa35
ENSG00000187988,M4_DeRosa35
ENSG00000196975,M4_DeRosa35
ENSG00000197238,M4_DeRosa35
ENSG00000197568,M4_DeRosa35
ENSG00000197712,M4_DeRosa35
ENSG00000198121,M4_DeRosa35
ENSG00000198715,M4_DeRosa35
ENSG00000198832,M4_DeRosa35
ENSG00000204682,M4_DeRosa35
ENSG00000204683,M4_DeRosa35
ENSG00000213080,M4_DeRosa35
ENSG00000213463,M4_DeRosa35
ENSG00000214612,M4_DeRosa35
ENSG00000221869,M4_DeRosa35
ENSG00000224358,M4_DeRosa35
ENSG00000233237,M4_DeRosa35
ENSG00000234323,M4_DeRosa35
ENSG00000236708,M4_DeRosa35
ENSG00000242265,M4_DeRosa35
ENSG00000244230,M4_DeRosa35
ENSG00000248632,M4_DeRosa35
ENSG00000249715,M4_DeRosa35
ENSG00000254331,M4_DeRosa35
ENSG00000255749,M4_DeRosa35
ENSG00000261485,M4_DeRosa35
ENSG00000262001,M4_DeRosa35
ENSG00000268412,M4_DeRosa35
ENSG00000272716,M4_DeRosa35
ENSG00000273162,M4_DeRosa35
ENSG00000005448,M5_DeRosa35
ENSG00000013563,M5_DeRosa35
ENSG00000014641,M5_DeRosa35
ENSG00000022277,M5_DeRosa35
ENSG00000034510,M5_DeRosa35
ENSG00000042753,M5_DeRosa35
ENSG00000048140,M5_DeRosa35
ENSG00000048342,M5_DeRosa35
ENSG00000054148,M5_DeRosa35
ENSG00000055147,M5_DeRosa35
ENSG00000063854,M5_DeRosa35
ENSG00000066697,M5_DeRosa35
ENSG00000067225,M5_DeRosa35
ENSG00000068394,M5_DeRosa35
ENSG00000071859,M5_DeRosa35
ENSG00000072210,M5_DeRosa35
ENSG00000082014,M5_DeRosa35
ENSG00000084234,M5_DeRosa35
ENSG00000085871,M5_DeRosa35
ENSG00000087086,M5_DeRosa35
ENSG00000097021,M5_DeRosa35
ENSG00000099203,M5_DeRosa35
ENSG00000100211,M5_DeRosa35
ENSG00000100243,M5_DeRosa35
ENSG00000100908,M5_DeRosa35
ENSG00000101421,M5_DeRosa35
ENSG00000101439,M5_DeRosa35
ENSG00000102316,M5_DeRosa35
ENSG00000102805,M5_DeRosa35
ENSG00000102897,M5_DeRosa35
ENSG00000103876,M5_DeRosa35
ENSG00000104221,M5_DeRosa35
ENSG00000105364,M5_DeRosa35
ENSG00000105655,M5_DeRosa35
ENSG00000106211,M5_DeRosa35
ENSG00000106367,M5_DeRosa35
ENSG00000106628,M5_DeRosa35
ENSG00000106636,M5_DeRosa35
ENSG00000106682,M5_DeRosa35
ENSG00000107020,M5_DeRosa35
ENSG00000107874,M5_DeRosa35
ENSG00000107960,M5_DeRosa35
ENSG00000108294,M5_DeRosa35
ENSG00000110492,M5_DeRosa35
ENSG00000110975,M5_DeRosa35
ENSG00000111737,M5_DeRosa35
ENSG00000112280,M5_DeRosa35
ENSG00000112335,M5_DeRosa35
ENSG00000112473,M5_DeRosa35
ENSG00000112695,M5_DeRosa35
ENSG00000113140,M5_DeRosa35
ENSG00000113734,M5_DeRosa35
ENSG00000114054,M5_DeRosa35
ENSG00000114395,M5_DeRosa35
ENSG00000115129,M5_DeRosa35
ENSG00000115216,M5_DeRosa35
ENSG00000115694,M5_DeRosa35
ENSG00000116213,M5_DeRosa35
ENSG00000116863,M5_DeRosa35
ENSG00000116957,M5_DeRosa35
ENSG00000117419,M5_DeRosa35
ENSG00000119403,M5_DeRosa35
ENSG00000119421,M5_DeRosa35
ENSG00000120509,M5_DeRosa35
ENSG00000122545,M5_DeRosa35
ENSG00000123159,M5_DeRosa35
ENSG00000123416,M5_DeRosa35
ENSG00000124155,M5_DeRosa35
ENSG00000125841,M5_DeRosa35
ENSG00000126088,M5_DeRosa35
ENSG00000126247,M5_DeRosa35
ENSG00000126432,M5_DeRosa35
ENSG00000126768,M5_DeRosa35
ENSG00000127838,M5_DeRosa35
ENSG00000128254,M5_DeRosa35
ENSG00000128581,M5_DeRosa35
ENSG00000129696,M5_DeRosa35
ENSG00000130311,M5_DeRosa35
ENSG00000130748,M5_DeRosa35
ENSG00000131100,M5_DeRosa35
ENSG00000131143,M5_DeRosa35
ENSG00000132432,M5_DeRosa35
ENSG00000134779,M5_DeRosa35
ENSG00000135124,M5_DeRosa35
ENSG00000135587,M5_DeRosa35
ENSG00000136205,M5_DeRosa35
ENSG00000136830,M5_DeRosa35
ENSG00000137133,M5_DeRosa35
ENSG00000137309,M5_DeRosa35
ENSG00000137312,M5_DeRosa35
ENSG00000137575,M5_DeRosa35
ENSG00000138495,M5_DeRosa35
ENSG00000140264,M5_DeRosa35
ENSG00000140859,M5_DeRosa35
ENSG00000141198,M5_DeRosa35
ENSG00000142227,M5_DeRosa35
ENSG00000142657,M5_DeRosa35
ENSG00000143420,M5_DeRosa35
ENSG00000143575,M5_DeRosa35
ENSG00000143819,M5_DeRosa35
ENSG00000145494,M5_DeRosa35
ENSG00000149792,M5_DeRosa35
ENSG00000151364,M5_DeRosa35
ENSG00000156990,M5_DeRosa35
ENSG00000157020,M5_DeRosa35
ENSG00000157191,M5_DeRosa35
ENSG00000158423,M5_DeRosa35
ENSG00000160345,M5_DeRosa35
ENSG00000160685,M5_DeRosa35
ENSG00000161011,M5_DeRosa35
ENSG00000161203,M5_DeRosa35
ENSG00000162302,M5_DeRosa35
ENSG00000162517,M5_DeRosa35
ENSG00000162704,M5_DeRosa35
ENSG00000163346,M5_DeRosa35
ENSG00000165280,M5_DeRosa35
ENSG00000166140,M5_DeRosa35
ENSG00000166199,M5_DeRosa35
ENSG00000166452,M5_DeRosa35
ENSG00000166529,M5_DeRosa35
ENSG00000166595,M5_DeRosa35
ENSG00000168090,M5_DeRosa35
ENSG00000168291,M5_DeRosa35
ENSG00000168734,M5_DeRosa35
ENSG00000168938,M5_DeRosa35
ENSG00000169020,M5_DeRosa35
ENSG00000169136,M5_DeRosa35
ENSG00000169188,M5_DeRosa35
ENSG00000169217,M5_DeRosa35
ENSG00000169599,M5_DeRosa35
ENSG00000171148,M5_DeRosa35
ENSG00000171307,M5_DeRosa35
ENSG00000172757,M5_DeRosa35
ENSG00000173163,M5_DeRosa35
ENSG00000173486,M5_DeRosa35
ENSG00000175183,M5_DeRosa35
ENSG00000175283,M5_DeRosa35
ENSG00000175550,M5_DeRosa35
ENSG00000175854,M5_DeRosa35
ENSG00000176087,M5_DeRosa35
ENSG00000177105,M5_DeRosa35
ENSG00000177337,M5_DeRosa35
ENSG00000177459,M5_DeRosa35
ENSG00000177628,M5_DeRosa35
ENSG00000177697,M5_DeRosa35
ENSG00000177700,M5_DeRosa35
ENSG00000177885,M5_DeRosa35
ENSG00000178057,M5_DeRosa35
ENSG00000178935,M5_DeRosa35
ENSG00000179091,M5_DeRosa35
ENSG00000179262,M5_DeRosa35
ENSG00000179750,M5_DeRosa35
ENSG00000180098,M5_DeRosa35
ENSG00000180979,M5_DeRosa35
ENSG00000182208,M5_DeRosa35
ENSG00000182500,M5_DeRosa35
ENSG00000184076,M5_DeRosa35
ENSG00000184205,M5_DeRosa35
ENSG00000184786,M5_DeRosa35
ENSG00000184840,M5_DeRosa35
ENSG00000184900,M5_DeRosa35
ENSG00000185624,M5_DeRosa35
ENSG00000185880,M5_DeRosa35
ENSG00000187630,M5_DeRosa35
ENSG00000188010,M5_DeRosa35
ENSG00000188186,M5_DeRosa35
ENSG00000188612,M5_DeRosa35
ENSG00000188976,M5_DeRosa35
ENSG00000197256,M5_DeRosa35
ENSG00000198171,M5_DeRosa35
ENSG00000198736,M5_DeRosa35
ENSG00000198960,M5_DeRosa35
ENSG00000214063,M5_DeRosa35
ENSG00000214253,M5_DeRosa35
ENSG00000220585,M5_DeRosa35
ENSG00000224418,M5_DeRosa35
ENSG00000224985,M5_DeRosa35
ENSG00000228107,M5_DeRosa35
ENSG00000239569,M5_DeRosa35
ENSG00000240230,M5_DeRosa35
ENSG00000247373,M5_DeRosa35
ENSG00000251602,M5_DeRosa35
ENSG00000254999,M5_DeRosa35
ENSG00000259937,M5_DeRosa35
ENSG00000260032,M5_DeRosa35
ENSG00000262831,M5_DeRosa35
ENSG00000264235,M5_DeRosa35
ENSG00000267100,M5_DeRosa35
ENSG00000270055,M5_DeRosa35
ENSG00000271737,M5_DeRosa35
ENSG00000271966,M5_DeRosa35
ENSG00000002933,M6_DeRosa35
ENSG00000003249,M6_DeRosa35
ENSG00000018236,M6_DeRosa35
ENSG00000018510,M6_DeRosa35
ENSG00000037757,M6_DeRosa35
ENSG00000056097,M6_DeRosa35
ENSG00000059728,M6_DeRosa35
ENSG00000070669,M6_DeRosa35
ENSG00000072657,M6_DeRosa35
ENSG00000075089,M6_DeRosa35
ENSG00000081019,M6_DeRosa35
ENSG00000085978,M6_DeRosa35
ENSG00000087299,M6_DeRosa35
ENSG00000091513,M6_DeRosa35
ENSG00000100418,M6_DeRosa35
ENSG00000100532,M6_DeRosa35
ENSG00000101445,M6_DeRosa35
ENSG00000103472,M6_DeRosa35
ENSG00000104140,M6_DeRosa35
ENSG00000106443,M6_DeRosa35
ENSG00000106688,M6_DeRosa35
ENSG00000107789,M6_DeRosa35
ENSG00000108176,M6_DeRosa35
ENSG00000108231,M6_DeRosa35
ENSG00000108786,M6_DeRosa35
ENSG00000108848,M6_DeRosa35
ENSG00000109794,M6_DeRosa35
ENSG00000111404,M6_DeRosa35
ENSG00000111490,M6_DeRosa35
ENSG00000111647,M6_DeRosa35
ENSG00000111816,M6_DeRosa35
ENSG00000115947,M6_DeRosa35
ENSG00000116678,M6_DeRosa35
ENSG00000118777,M6_DeRosa35
ENSG00000119950,M6_DeRosa35
ENSG00000120669,M6_DeRosa35
ENSG00000122367,M6_DeRosa35
ENSG00000122420,M6_DeRosa35
ENSG00000123689,M6_DeRosa35
ENSG00000124785,M6_DeRosa35
ENSG00000129282,M6_DeRosa35
ENSG00000131013,M6_DeRosa35
ENSG00000132429,M6_DeRosa35
ENSG00000132554,M6_DeRosa35
ENSG00000132823,M6_DeRosa35
ENSG00000132975,M6_DeRosa35
ENSG00000135049,M6_DeRosa35
ENSG00000135074,M6_DeRosa35
ENSG00000136243,M6_DeRosa35
ENSG00000136371,M6_DeRosa35
ENSG00000136997,M6_DeRosa35
ENSG00000137486,M6_DeRosa35
ENSG00000137571,M6_DeRosa35
ENSG00000138028,M6_DeRosa35
ENSG00000141446,M6_DeRosa35
ENSG00000141668,M6_DeRosa35
ENSG00000144021,M6_DeRosa35
ENSG00000144161,M6_DeRosa35
ENSG00000144278,M6_DeRosa35
ENSG00000144369,M6_DeRosa35
ENSG00000145723,M6_DeRosa35
ENSG00000146285,M6_DeRosa35
ENSG00000147679,M6_DeRosa35
ENSG00000148600,M6_DeRosa35
ENSG00000148943,M6_DeRosa35
ENSG00000149313,M6_DeRosa35
ENSG00000149927,M6_DeRosa35
ENSG00000151376,M6_DeRosa35
ENSG00000151572,M6_DeRosa35
ENSG00000152256,M6_DeRosa35
ENSG00000153820,M6_DeRosa35
ENSG00000154548,M6_DeRosa35
ENSG00000155886,M6_DeRosa35
ENSG00000159450,M6_DeRosa35
ENSG00000160131,M6_DeRosa35
ENSG00000160336,M6_DeRosa35
ENSG00000162642,M6_DeRosa35
ENSG00000163131,M6_DeRosa35
ENSG00000163288,M6_DeRosa35
ENSG00000163291,M6_DeRosa35
ENSG00000164168,M6_DeRosa35
ENSG00000167005,M6_DeRosa35
ENSG00000168028,M6_DeRosa35
ENSG00000168092,M6_DeRosa35
ENSG00000168234,M6_DeRosa35
ENSG00000170160,M6_DeRosa35
ENSG00000170222,M6_DeRosa35
ENSG00000170946,M6_DeRosa35
ENSG00000171462,M6_DeRosa35
ENSG00000172466,M6_DeRosa35
ENSG00000174013,M6_DeRosa35
ENSG00000174514,M6_DeRosa35
ENSG00000175868,M6_DeRosa35
ENSG00000177570,M6_DeRosa35
ENSG00000180229,M6_DeRosa35
ENSG00000182810,M6_DeRosa35
ENSG00000182983,M6_DeRosa35
ENSG00000183066,M6_DeRosa35
ENSG00000183793,M6_DeRosa35
ENSG00000186088,M6_DeRosa35
ENSG00000186481,M6_DeRosa35
ENSG00000186675,M6_DeRosa35
ENSG00000187566,M6_DeRosa35
ENSG00000188933,M6_DeRosa35
ENSG00000196109,M6_DeRosa35
ENSG00000197860,M6_DeRosa35
ENSG00000198146,M6_DeRosa35
ENSG00000198153,M6_DeRosa35
ENSG00000198300,M6_DeRosa35
ENSG00000198626,M6_DeRosa35
ENSG00000198821,M6_DeRosa35
ENSG00000198862,M6_DeRosa35
ENSG00000199390,M6_DeRosa35
ENSG00000199575,M6_DeRosa35
ENSG00000199593,M6_DeRosa35
ENSG00000200150,M6_DeRosa35
ENSG00000200279,M6_DeRosa35
ENSG00000200367,M6_DeRosa35
ENSG00000200406,M6_DeRosa35
ENSG00000200413,M6_DeRosa35
ENSG00000200480,M6_DeRosa35
ENSG00000200608,M6_DeRosa35
ENSG00000200823,M6_DeRosa35
ENSG00000201036,M6_DeRosa35
ENSG00000201247,M6_DeRosa35
ENSG00000201263,M6_DeRosa35
ENSG00000201500,M6_DeRosa35
ENSG00000201672,M6_DeRosa35
ENSG00000201700,M6_DeRosa35
ENSG00000201710,M6_DeRosa35
ENSG00000201839,M6_DeRosa35
ENSG00000201950,M6_DeRosa35
ENSG00000202048,M6_DeRosa35
ENSG00000202191,M6_DeRosa35
ENSG00000204740,M6_DeRosa35
ENSG00000204837,M6_DeRosa35
ENSG00000204920,M6_DeRosa35
ENSG00000205456,M6_DeRosa35
ENSG00000211574,M6_DeRosa35
ENSG00000212384,M6_DeRosa35
ENSG00000212719,M6_DeRosa35
ENSG00000213160,M6_DeRosa35
ENSG00000214113,M6_DeRosa35
ENSG00000214548,M6_DeRosa35
ENSG00000214960,M6_DeRosa35
ENSG00000215237,M6_DeRosa35
ENSG00000223403,M6_DeRosa35
ENSG00000223508,M6_DeRosa35
ENSG00000223572,M6_DeRosa35
ENSG00000223658,M6_DeRosa35
ENSG00000224316,M6_DeRosa35
ENSG00000225746,M6_DeRosa35
ENSG00000225883,M6_DeRosa35
ENSG00000226779,M6_DeRosa35
ENSG00000227603,M6_DeRosa35
ENSG00000229689,M6_DeRosa35
ENSG00000231121,M6_DeRosa35
ENSG00000231552,M6_DeRosa35
ENSG00000232018,M6_DeRosa35
ENSG00000233396,M6_DeRosa35
ENSG00000237238,M6_DeRosa35
ENSG00000237636,M6_DeRosa35
ENSG00000237975,M6_DeRosa35
ENSG00000241058,M6_DeRosa35
ENSG00000243015,M6_DeRosa35
ENSG00000247765,M6_DeRosa35
ENSG00000251949,M6_DeRosa35
ENSG00000252755,M6_DeRosa35
ENSG00000253633,M6_DeRosa35
ENSG00000253853,M6_DeRosa35
ENSG00000255529,M6_DeRosa35
ENSG00000258399,M6_DeRosa35
ENSG00000258590,M6_DeRosa35
ENSG00000258684,M6_DeRosa35
ENSG00000258732,M6_DeRosa35
ENSG00000258780,M6_DeRosa35
ENSG00000259344,M6_DeRosa35
ENSG00000259964,M6_DeRosa35
ENSG00000259994,M6_DeRosa35
ENSG00000260743,M6_DeRosa35
ENSG00000260766,M6_DeRosa35
ENSG00000260918,M6_DeRosa35
ENSG00000261377,M6_DeRosa35
ENSG00000261824,M6_DeRosa35
ENSG00000263400,M6_DeRosa35
ENSG00000266017,M6_DeRosa35
ENSG00000267152,M6_DeRosa35
ENSG00000267381,M6_DeRosa35
ENSG00000269044,M6_DeRosa35
ENSG00000269067,M6_DeRosa35
ENSG00000269984,M6_DeRosa35
ENSG00000271417,M6_DeRosa35
ENSG00000271452,M6_DeRosa35
ENSG00000271659,M6_DeRosa35
ENSG00000272163,M6_DeRosa35
ENSG00000272344,M6_DeRosa35
ENSG00000272462,M6_DeRosa35
ENSG00000272474,M6_DeRosa35
ENSG00000272511,M6_DeRosa35
ENSG00000272515,M6_DeRosa35
ENSG00000005801,M7_DeRosa35
ENSG00000049247,M7_DeRosa35
ENSG00000049883,M7_DeRosa35
ENSG00000053770,M7_DeRosa35
ENSG00000055483,M7_DeRosa35
ENSG00000066422,M7_DeRosa35
ENSG00000072401,M7_DeRosa35
ENSG00000076554,M7_DeRosa35
ENSG00000076770,M7_DeRosa35
ENSG00000081014,M7_DeRosa35
ENSG00000082269,M7_DeRosa35
ENSG00000083635,M7_DeRosa35
ENSG00000084733,M7_DeRosa35
ENSG00000089022,M7_DeRosa35
ENSG00000089169,M7_DeRosa35
ENSG00000091039,M7_DeRosa35
ENSG00000100697,M7_DeRosa35
ENSG00000101557,M7_DeRosa35
ENSG00000102189,M7_DeRosa35
ENSG00000102241,M7_DeRosa35
ENSG00000102531,M7_DeRosa35
ENSG00000102780,M7_DeRosa35
ENSG00000103342,M7_DeRosa35
ENSG00000103494,M7_DeRosa35
ENSG00000105793,M7_DeRosa35
ENSG00000106236,M7_DeRosa35
ENSG00000106692,M7_DeRosa35
ENSG00000108255,M7_DeRosa35
ENSG00000109133,M7_DeRosa35
ENSG00000110048,M7_DeRosa35
ENSG00000111371,M7_DeRosa35
ENSG00000112146,M7_DeRosa35
ENSG00000112701,M7_DeRosa35
ENSG00000112996,M7_DeRosa35
ENSG00000113649,M7_DeRosa35
ENSG00000114757,M7_DeRosa35
ENSG00000115827,M7_DeRosa35
ENSG00000116574,M7_DeRosa35
ENSG00000117152,M7_DeRosa35
ENSG00000117262,M7_DeRosa35
ENSG00000117620,M7_DeRosa35
ENSG00000118242,M7_DeRosa35
ENSG00000118420,M7_DeRosa35
ENSG00000118939,M7_DeRosa35
ENSG00000119042,M7_DeRosa35
ENSG00000119707,M7_DeRosa35
ENSG00000119927,M7_DeRosa35
ENSG00000121210,M7_DeRosa35
ENSG00000122484,M7_DeRosa35
ENSG00000124198,M7_DeRosa35
ENSG00000125484,M7_DeRosa35
ENSG00000128590,M7_DeRosa35
ENSG00000129292,M7_DeRosa35
ENSG00000130477,M7_DeRosa35
ENSG00000131368,M7_DeRosa35
ENSG00000132388,M7_DeRosa35
ENSG00000132952,M7_DeRosa35
ENSG00000134759,M7_DeRosa35
ENSG00000135517,M7_DeRosa35
ENSG00000136261,M7_DeRosa35
ENSG00000137513,M7_DeRosa35
ENSG00000139044,M7_DeRosa35
ENSG00000139514,M7_DeRosa35
ENSG00000139697,M7_DeRosa35
ENSG00000142396,M7_DeRosa35
ENSG00000144410,M7_DeRosa35
ENSG00000144597,M7_DeRosa35
ENSG00000144724,M7_DeRosa35
ENSG00000145332,M7_DeRosa35
ENSG00000145414,M7_DeRosa35
ENSG00000145725,M7_DeRosa35
ENSG00000145882,M7_DeRosa35
ENSG00000145920,M7_DeRosa35
ENSG00000145990,M7_DeRosa35
ENSG00000146587,M7_DeRosa35
ENSG00000147174,M7_DeRosa35
ENSG00000147488,M7_DeRosa35
ENSG00000148200,M7_DeRosa35
ENSG00000151806,M7_DeRosa35
ENSG00000151835,M7_DeRosa35
ENSG00000151846,M7_DeRosa35
ENSG00000151917,M7_DeRosa35
ENSG00000152413,M7_DeRosa35
ENSG00000154359,M7_DeRosa35
ENSG00000154743,M7_DeRosa35
ENSG00000155755,M7_DeRosa35
ENSG00000156103,M7_DeRosa35
ENSG00000159023,M7_DeRosa35
ENSG00000159110,M7_DeRosa35
ENSG00000159871,M7_DeRosa35
ENSG00000162402,M7_DeRosa35
ENSG00000162664,M7_DeRosa35
ENSG00000163395,M7_DeRosa35
ENSG00000164151,M7_DeRosa35
ENSG00000164209,M7_DeRosa35
ENSG00000164929,M7_DeRosa35
ENSG00000165416,M7_DeRosa35
ENSG00000165935,M7_DeRosa35
ENSG00000166261,M7_DeRosa35
ENSG00000166426,M7_DeRosa35
ENSG00000169981,M7_DeRosa35
ENSG00000170417,M7_DeRosa35
ENSG00000170448,M7_DeRosa35
ENSG00000173157,M7_DeRosa35
ENSG00000173598,M7_DeRosa35
ENSG00000173674,M7_DeRosa35
ENSG00000174197,M7_DeRosa35
ENSG00000174206,M7_DeRosa35
ENSG00000175322,M7_DeRosa35
ENSG00000176160,M7_DeRosa35
ENSG00000177034,M7_DeRosa35
ENSG00000177076,M7_DeRosa35
ENSG00000177485,M7_DeRosa35
ENSG00000177551,M7_DeRosa35
ENSG00000177788,M7_DeRosa35
ENSG00000180008,M7_DeRosa35
ENSG00000180233,M7_DeRosa35
ENSG00000180747,M7_DeRosa35
ENSG00000180771,M7_DeRosa35
ENSG00000181704,M7_DeRosa35
ENSG00000181915,M7_DeRosa35
ENSG00000185433,M7_DeRosa35
ENSG00000185664,M7_DeRosa35
ENSG00000185728,M7_DeRosa35
ENSG00000185875,M7_DeRosa35
ENSG00000186017,M7_DeRosa35
ENSG00000186230,M7_DeRosa35
ENSG00000186416,M7_DeRosa35
ENSG00000186615,M7_DeRosa35
ENSG00000186687,M7_DeRosa35
ENSG00000187801,M7_DeRosa35
ENSG00000188761,M7_DeRosa35
ENSG00000189180,M7_DeRosa35
ENSG00000196236,M7_DeRosa35
ENSG00000197536,M7_DeRosa35
ENSG00000197653,M7_DeRosa35
ENSG00000202184,M7_DeRosa35
ENSG00000204790,M7_DeRosa35
ENSG00000211829,M7_DeRosa35
ENSG00000214903,M7_DeRosa35
ENSG00000219665,M7_DeRosa35
ENSG00000221818,M7_DeRosa35
ENSG00000224622,M7_DeRosa35
ENSG00000224635,M7_DeRosa35
ENSG00000226007,M7_DeRosa35
ENSG00000226688,M7_DeRosa35
ENSG00000227115,M7_DeRosa35
ENSG00000229962,M7_DeRosa35
ENSG00000230251,M7_DeRosa35
ENSG00000230325,M7_DeRosa35
ENSG00000230863,M7_DeRosa35
ENSG00000231842,M7_DeRosa35
ENSG00000232528,M7_DeRosa35
ENSG00000232732,M7_DeRosa35
ENSG00000234420,M7_DeRosa35
ENSG00000234841,M7_DeRosa35
ENSG00000236333,M7_DeRosa35
ENSG00000236796,M7_DeRosa35
ENSG00000242163,M7_DeRosa35
ENSG00000243444,M7_DeRosa35
ENSG00000248309,M7_DeRosa35
ENSG00000248610,M7_DeRosa35
ENSG00000249459,M7_DeRosa35
ENSG00000249921,M7_DeRosa35
ENSG00000252498,M7_DeRosa35
ENSG00000254982,M7_DeRosa35
ENSG00000255028,M7_DeRosa35
ENSG00000255693,M7_DeRosa35
ENSG00000258616,M7_DeRosa35
ENSG00000259176,M7_DeRosa35
ENSG00000259287,M7_DeRosa35
ENSG00000260949,M7_DeRosa35
ENSG00000260966,M7_DeRosa35
ENSG00000261088,M7_DeRosa35
ENSG00000261428,M7_DeRosa35
ENSG00000261533,M7_DeRosa35
ENSG00000262488,M7_DeRosa35
ENSG00000267160,M7_DeRosa35
ENSG00000269924,M7_DeRosa35
ENSG00000271870,M7_DeRosa35
ENSG00000272093,M7_DeRosa35
ENSG00000272102,M7_DeRosa35
ENSG00000272308,M7_DeRosa35
ENSG00000272335,M7_DeRosa35
ENSG00000272518,M7_DeRosa35
ENSG00000272520,M7_DeRosa35
ENSG00000272610,M7_DeRosa35
ENSG00000272807,M7_DeRosa35
ENSG00000273290,M7_DeRosa35
ENSG00000273402,M7_DeRosa35
ENSG00000006695,M8_DeRosa35
ENSG00000020256,M8_DeRosa35
ENSG00000036565,M8_DeRosa35
ENSG00000057663,M8_DeRosa35
ENSG00000068654,M8_DeRosa35
ENSG00000068878,M8_DeRosa35
ENSG00000071537,M8_DeRosa35
ENSG00000075407,M8_DeRosa35
ENSG00000102069,M8_DeRosa35
ENSG00000103194,M8_DeRosa35
ENSG00000104331,M8_DeRosa35
ENSG00000104660,M8_DeRosa35
ENSG00000112308,M8_DeRosa35
ENSG00000113360,M8_DeRosa35
ENSG00000116690,M8_DeRosa35
ENSG00000119537,M8_DeRosa35
ENSG00000119685,M8_DeRosa35
ENSG00000120063,M8_DeRosa35
ENSG00000121892,M8_DeRosa35
ENSG00000122696,M8_DeRosa35
ENSG00000123094,M8_DeRosa35
ENSG00000123104,M8_DeRosa35
ENSG00000124783,M8_DeRosa35
ENSG00000125459,M8_DeRosa35
ENSG00000127080,M8_DeRosa35
ENSG00000129128,M8_DeRosa35
ENSG00000129204,M8_DeRosa35
ENSG00000132570,M8_DeRosa35
ENSG00000134318,M8_DeRosa35
ENSG00000135387,M8_DeRosa35
ENSG00000135678,M8_DeRosa35
ENSG00000135913,M8_DeRosa35
ENSG00000138434,M8_DeRosa35
ENSG00000139133,M8_DeRosa35
ENSG00000139233,M8_DeRosa35
ENSG00000139289,M8_DeRosa35
ENSG00000141076,M8_DeRosa35
ENSG00000141956,M8_DeRosa35
ENSG00000142207,M8_DeRosa35
ENSG00000142961,M8_DeRosa35
ENSG00000143970,M8_DeRosa35
ENSG00000144792,M8_DeRosa35
ENSG00000145545,M8_DeRosa35
ENSG00000146433,M8_DeRosa35
ENSG00000149218,M8_DeRosa35
ENSG00000151136,M8_DeRosa35
ENSG00000153989,M8_DeRosa35
ENSG00000158220,M8_DeRosa35
ENSG00000159658,M8_DeRosa35
ENSG00000160710,M8_DeRosa35
ENSG00000162695,M8_DeRosa35
ENSG00000162775,M8_DeRosa35
ENSG00000163389,M8_DeRosa35
ENSG00000163565,M8_DeRosa35
ENSG00000165417,M8_DeRosa35
ENSG00000165997,M8_DeRosa35
ENSG00000168175,M8_DeRosa35
ENSG00000168906,M8_DeRosa35
ENSG00000170011,M8_DeRosa35
ENSG00000171208,M8_DeRosa35
ENSG00000172594,M8_DeRosa35
ENSG00000173517,M8_DeRosa35
ENSG00000179241,M8_DeRosa35
ENSG00000180673,M8_DeRosa35
ENSG00000181104,M8_DeRosa35
ENSG00000181788,M8_DeRosa35
ENSG00000182963,M8_DeRosa35
ENSG00000185829,M8_DeRosa35
ENSG00000196138,M8_DeRosa35
ENSG00000196227,M8_DeRosa35
ENSG00000196353,M8_DeRosa35
ENSG00000196937,M8_DeRosa35
ENSG00000197296,M8_DeRosa35
ENSG00000198252,M8_DeRosa35
ENSG00000198612,M8_DeRosa35
ENSG00000198824,M8_DeRosa35
ENSG00000198964,M8_DeRosa35
ENSG00000205572,M8_DeRosa35
ENSG00000205765,M8_DeRosa35
ENSG00000213071,M8_DeRosa35
ENSG00000213588,M8_DeRosa35
ENSG00000214047,M8_DeRosa35
ENSG00000219565,M8_DeRosa35
ENSG00000219891,M8_DeRosa35
ENSG00000221823,M8_DeRosa35
ENSG00000224707,M8_DeRosa35
ENSG00000228782,M8_DeRosa35
ENSG00000228819,M8_DeRosa35
ENSG00000229556,M8_DeRosa35
ENSG00000230364,M8_DeRosa35
ENSG00000230665,M8_DeRosa35
ENSG00000230797,M8_DeRosa35
ENSG00000231442,M8_DeRosa35
ENSG00000231665,M8_DeRosa35
ENSG00000232623,M8_DeRosa35
ENSG00000233874,M8_DeRosa35
ENSG00000234788,M8_DeRosa35
ENSG00000237505,M8_DeRosa35
ENSG00000237701,M8_DeRosa35
ENSG00000242338,M8_DeRosa35
ENSG00000242349,M8_DeRosa35
ENSG00000242479,M8_DeRosa35
ENSG00000242705,M8_DeRosa35
ENSG00000246145,M8_DeRosa35
ENSG00000248795,M8_DeRosa35
ENSG00000250568,M8_DeRosa35
ENSG00000253213,M8_DeRosa35
ENSG00000255561,M8_DeRosa35
ENSG00000256185,M8_DeRosa35
ENSG00000257611,M8_DeRosa35
ENSG00000259404,M8_DeRosa35
ENSG00000259408,M8_DeRosa35
ENSG00000261083,M8_DeRosa35
ENSG00000261643,M8_DeRosa35
ENSG00000264215,M8_DeRosa35
ENSG00000265417,M8_DeRosa35
ENSG00000266156,M8_DeRosa35
ENSG00000269793,M8_DeRosa35
ENSG00000270641,M8_DeRosa35
ENSG00000270696,M8_DeRosa35
ENSG00000271625,M8_DeRosa35
ENSG00000272489,M8_DeRosa35
ENSG00000272656,M8_DeRosa35
ENSG00000272936,M8_DeRosa35
ENSG00000273056,M8_DeRosa35
ENSG00000273190,M8_DeRosa35
ENSG00000004848,M9_DeRosa35
ENSG00000066455,M9_DeRosa35
ENSG00000096696,M9_DeRosa35
ENSG00000096872,M9_DeRosa35
ENSG00000099250,M9_DeRosa35
ENSG00000104450,M9_DeRosa35
ENSG00000107623,M9_DeRosa35
ENSG00000114861,M9_DeRosa35
ENSG00000116016,M9_DeRosa35
ENSG00000116774,M9_DeRosa35
ENSG00000119888,M9_DeRosa35
ENSG00000120156,M9_DeRosa35
ENSG00000123243,M9_DeRosa35
ENSG00000133124,M9_DeRosa35
ENSG00000134762,M9_DeRosa35
ENSG00000136770,M9_DeRosa35
ENSG00000137573,M9_DeRosa35
ENSG00000138758,M9_DeRosa35
ENSG00000143816,M9_DeRosa35
ENSG00000145248,M9_DeRosa35
ENSG00000147400,M9_DeRosa35
ENSG00000158270,M9_DeRosa35
ENSG00000163453,M9_DeRosa35
ENSG00000164142,M9_DeRosa35
ENSG00000168140,M9_DeRosa35
ENSG00000169908,M9_DeRosa35
ENSG00000170421,M9_DeRosa35
ENSG00000170775,M9_DeRosa35
ENSG00000178502,M9_DeRosa35
ENSG00000184809,M9_DeRosa35
ENSG00000186471,M9_DeRosa35
ENSG00000187240,M9_DeRosa35
ENSG00000189108,M9_DeRosa35
ENSG00000197565,M9_DeRosa35
ENSG00000198682,M9_DeRosa35
ENSG00000234171,M9_DeRosa35
ENSG00000248008,M9_DeRosa35
ENSG00000248228,M9_DeRosa35
ENSG00000261409,M9_DeRosa35
ENSG00000005469,M10_DeRosa35
ENSG00000026103,M10_DeRosa35
ENSG00000072954,M10_DeRosa35
ENSG00000082146,M10_DeRosa35
ENSG00000102230,M10_DeRosa35
ENSG00000105617,M10_DeRosa35
ENSG00000106524,M10_DeRosa35
ENSG00000106714,M10_DeRosa35
ENSG00000107829,M10_DeRosa35
ENSG00000112062,M10_DeRosa35
ENSG00000112562,M10_DeRosa35
ENSG00000113721,M10_DeRosa35
ENSG00000113739,M10_DeRosa35
ENSG00000116785,M10_DeRosa35
ENSG00000119986,M10_DeRosa35
ENSG00000128285,M10_DeRosa35
ENSG00000129151,M10_DeRosa35
ENSG00000129596,M10_DeRosa35
ENSG00000130772,M10_DeRosa35
ENSG00000134363,M10_DeRosa35
ENSG00000134574,M10_DeRosa35
ENSG00000136842,M10_DeRosa35
ENSG00000142794,M10_DeRosa35
ENSG00000145147,M10_DeRosa35
ENSG00000152760,M10_DeRosa35
ENSG00000153956,M10_DeRosa35
ENSG00000156172,M10_DeRosa35
ENSG00000157856,M10_DeRosa35
ENSG00000158882,M10_DeRosa35
ENSG00000160179,M10_DeRosa35
ENSG00000162384,M10_DeRosa35
ENSG00000162643,M10_DeRosa35
ENSG00000163689,M10_DeRosa35
ENSG00000163877,M10_DeRosa35
ENSG00000164983,M10_DeRosa35
ENSG00000165084,M10_DeRosa35
ENSG00000166295,M10_DeRosa35
ENSG00000166326,M10_DeRosa35
ENSG00000169379,M10_DeRosa35
ENSG00000169891,M10_DeRosa35
ENSG00000170315,M10_DeRosa35
ENSG00000170961,M10_DeRosa35
ENSG00000171798,M10_DeRosa35
ENSG00000173821,M10_DeRosa35
ENSG00000176623,M10_DeRosa35
ENSG00000176971,M10_DeRosa35
ENSG00000177406,M10_DeRosa35
ENSG00000182165,M10_DeRosa35
ENSG00000183690,M10_DeRosa35
ENSG00000185070,M10_DeRosa35
ENSG00000185909,M10_DeRosa35
ENSG00000186310,M10_DeRosa35
ENSG00000187123,M10_DeRosa35
ENSG00000197177,M10_DeRosa35
ENSG00000197180,M10_DeRosa35
ENSG00000198081,M10_DeRosa35
ENSG00000204388,M10_DeRosa35
ENSG00000204389,M10_DeRosa35
ENSG00000215217,M10_DeRosa35
ENSG00000224243,M10_DeRosa35
ENSG00000226031,M10_DeRosa35
ENSG00000231663,M10_DeRosa35
ENSG00000234456,M10_DeRosa35
ENSG00000242247,M10_DeRosa35
ENSG00000242474,M10_DeRosa35
ENSG00000248334,M10_DeRosa35
ENSG00000248714,M10_DeRosa35
ENSG00000256164,M10_DeRosa35
ENSG00000257390,M10_DeRosa35
ENSG00000257698,M10_DeRosa35
ENSG00000258486,M10_DeRosa35
ENSG00000260807,M10_DeRosa35
ENSG00000270141,M10_DeRosa35
ENSG00000271746,M10_DeRosa35
ENSG00000272572,M10_DeRosa35
ENSG00000273061,M10_DeRosa35
ENSG00000005243,M11_DeRosa35
ENSG00000005471,M11_DeRosa35
ENSG00000076716,M11_DeRosa35
ENSG00000080503,M11_DeRosa35
ENSG00000083444,M11_DeRosa35
ENSG00000084093,M11_DeRosa35
ENSG00000100867,M11_DeRosa35
ENSG00000101825,M11_DeRosa35
ENSG00000103365,M11_DeRosa35
ENSG00000104375,M11_DeRosa35
ENSG00000105137,M11_DeRosa35
ENSG00000106049,M11_DeRosa35
ENSG00000107036,M11_DeRosa35
ENSG00000109756,M11_DeRosa35
ENSG00000112902,M11_DeRosa35
ENSG00000113273,M11_DeRosa35
ENSG00000114988,M11_DeRosa35
ENSG00000115392,M11_DeRosa35
ENSG00000117385,M11_DeRosa35
ENSG00000120318,M11_DeRosa35
ENSG00000120690,M11_DeRosa35
ENSG00000126016,M11_DeRosa35
ENSG00000128829,M11_DeRosa35
ENSG00000133121,M11_DeRosa35
ENSG00000137834,M11_DeRosa35
ENSG00000138029,M11_DeRosa35
ENSG00000139433,M11_DeRosa35
ENSG00000139641,M11_DeRosa35
ENSG00000140848,M11_DeRosa35
ENSG00000142627,M11_DeRosa35
ENSG00000143341,M11_DeRosa35
ENSG00000143641,M11_DeRosa35
ENSG00000147065,M11_DeRosa35
ENSG00000150347,M11_DeRosa35
ENSG00000155366,M11_DeRosa35
ENSG00000156689,M11_DeRosa35
ENSG00000158195,M11_DeRosa35
ENSG00000161638,M11_DeRosa35
ENSG00000163110,M11_DeRosa35
ENSG00000164904,M11_DeRosa35
ENSG00000165424,M11_DeRosa35
ENSG00000165476,M11_DeRosa35
ENSG00000166896,M11_DeRosa35
ENSG00000167565,M11_DeRosa35
ENSG00000168077,M11_DeRosa35
ENSG00000169641,M11_DeRosa35
ENSG00000169919,M11_DeRosa35
ENSG00000170266,M11_DeRosa35
ENSG00000183624,M11_DeRosa35
ENSG00000185896,M11_DeRosa35
ENSG00000186532,M11_DeRosa35
ENSG00000188459,M11_DeRosa35
ENSG00000196821,M11_DeRosa35
ENSG00000197937,M11_DeRosa35
ENSG00000198399,M11_DeRosa35
ENSG00000198909,M11_DeRosa35
ENSG00000204262,M11_DeRosa35
ENSG00000213250,M11_DeRosa35
ENSG00000218803,M11_DeRosa35
ENSG00000226964,M11_DeRosa35
ENSG00000230424,M11_DeRosa35
ENSG00000235513,M11_DeRosa35
ENSG00000237493,M11_DeRosa35
ENSG00000247675,M11_DeRosa35
ENSG00000248161,M11_DeRosa35
ENSG00000250786,M11_DeRosa35
ENSG00000259531,M11_DeRosa35
ENSG00000265817,M11_DeRosa35
ENSG00000270956,M11_DeRosa35
ENSG00000036448,M12_DeRosa35
ENSG00000047579,M12_DeRosa35
ENSG00000078674,M12_DeRosa35
ENSG00000079931,M12_DeRosa35
ENSG00000082196,M12_DeRosa35
ENSG00000100916,M12_DeRosa35
ENSG00000100987,M12_DeRosa35
ENSG00000103316,M12_DeRosa35
ENSG00000107295,M12_DeRosa35
ENSG00000108018,M12_DeRosa35
ENSG00000108684,M12_DeRosa35
ENSG00000109851,M12_DeRosa35
ENSG00000111713,M12_DeRosa35
ENSG00000112394,M12_DeRosa35
ENSG00000115665,M12_DeRosa35
ENSG00000116096,M12_DeRosa35
ENSG00000119614,M12_DeRosa35
ENSG00000120833,M12_DeRosa35
ENSG00000121274,M12_DeRosa35
ENSG00000121380,M12_DeRosa35
ENSG00000121454,M12_DeRosa35
ENSG00000121481,M12_DeRosa35
ENSG00000122299,M12_DeRosa35
ENSG00000128917,M12_DeRosa35
ENSG00000129749,M12_DeRosa35
ENSG00000131471,M12_DeRosa35
ENSG00000134215,M12_DeRosa35
ENSG00000134775,M12_DeRosa35
ENSG00000135636,M12_DeRosa35
ENSG00000136546,M12_DeRosa35
ENSG00000138395,M12_DeRosa35
ENSG00000138411,M12_DeRosa35
ENSG00000138741,M12_DeRosa35
ENSG00000139445,M12_DeRosa35
ENSG00000140993,M12_DeRosa35
ENSG00000141150,M12_DeRosa35
ENSG00000144227,M12_DeRosa35
ENSG00000144668,M12_DeRosa35
ENSG00000144893,M12_DeRosa35
ENSG00000145569,M12_DeRosa35
ENSG00000147434,M12_DeRosa35
ENSG00000152784,M12_DeRosa35
ENSG00000154330,M12_DeRosa35
ENSG00000154822,M12_DeRosa35
ENSG00000155629,M12_DeRosa35
ENSG00000155974,M12_DeRosa35
ENSG00000157470,M12_DeRosa35
ENSG00000157766,M12_DeRosa35
ENSG00000158201,M12_DeRosa35
ENSG00000162694,M12_DeRosa35
ENSG00000162878,M12_DeRosa35
ENSG00000163064,M12_DeRosa35
ENSG00000163536,M12_DeRosa35
ENSG00000163633,M12_DeRosa35
ENSG00000165973,M12_DeRosa35
ENSG00000166546,M12_DeRosa35
ENSG00000168875,M12_DeRosa35
ENSG00000169181,M12_DeRosa35
ENSG00000170262,M12_DeRosa35
ENSG00000172458,M12_DeRosa35
ENSG00000177189,M12_DeRosa35
ENSG00000178538,M12_DeRosa35
ENSG00000181656,M12_DeRosa35
ENSG00000184602,M12_DeRosa35
ENSG00000185610,M12_DeRosa35
ENSG00000185634,M12_DeRosa35
ENSG00000188582,M12_DeRosa35
ENSG00000188958,M12_DeRosa35
ENSG00000196459,M12_DeRosa35
ENSG00000198944,M12_DeRosa35
ENSG00000200840,M12_DeRosa35
ENSG00000203616,M12_DeRosa35
ENSG00000204634,M12_DeRosa35
ENSG00000217236,M12_DeRosa35
ENSG00000227470,M12_DeRosa35
ENSG00000228214,M12_DeRosa35
ENSG00000231466,M12_DeRosa35
ENSG00000231713,M12_DeRosa35
ENSG00000239513,M12_DeRosa35
ENSG00000242748,M12_DeRosa35
ENSG00000246792,M12_DeRosa35
ENSG00000246985,M12_DeRosa35
ENSG00000248719,M12_DeRosa35
ENSG00000249961,M12_DeRosa35
ENSG00000250461,M12_DeRosa35
ENSG00000251595,M12_DeRosa35
ENSG00000253894,M12_DeRosa35
ENSG00000254414,M12_DeRosa35
ENSG00000259321,M12_DeRosa35
ENSG00000259562,M12_DeRosa35
ENSG00000260057,M12_DeRosa35
ENSG00000260742,M12_DeRosa35
ENSG00000261146,M12_DeRosa35
ENSG00000271344,M12_DeRosa35
ENSG00000273477,M12_DeRosa35
ENSG00000004660,M13_DeRosa35
ENSG00000012817,M13_DeRosa35
ENSG00000047932,M13_DeRosa35
ENSG00000066557,M13_DeRosa35
ENSG00000081665,M13_DeRosa35
ENSG00000081853,M13_DeRosa35
ENSG00000092377,M13_DeRosa35
ENSG00000099715,M13_DeRosa35
ENSG00000099725,M13_DeRosa35
ENSG00000106013,M13_DeRosa35
ENSG00000106526,M13_DeRosa35
ENSG00000113790,M13_DeRosa35
ENSG00000114374,M13_DeRosa35
ENSG00000115525,M13_DeRosa35
ENSG00000115828,M13_DeRosa35
ENSG00000127399,M13_DeRosa35
ENSG00000127903,M13_DeRosa35
ENSG00000128923,M13_DeRosa35
ENSG00000129472,M13_DeRosa35
ENSG00000133703,M13_DeRosa35
ENSG00000134070,M13_DeRosa35
ENSG00000137871,M13_DeRosa35
ENSG00000156265,M13_DeRosa35
ENSG00000158186,M13_DeRosa35
ENSG00000164037,M13_DeRosa35
ENSG00000164096,M13_DeRosa35
ENSG00000166770,M13_DeRosa35
ENSG00000167383,M13_DeRosa35
ENSG00000167554,M13_DeRosa35
ENSG00000167555,M13_DeRosa35
ENSG00000168081,M13_DeRosa35
ENSG00000170296,M13_DeRosa35
ENSG00000171291,M13_DeRosa35
ENSG00000173258,M13_DeRosa35
ENSG00000174080,M13_DeRosa35
ENSG00000176728,M13_DeRosa35
ENSG00000177054,M13_DeRosa35
ENSG00000178162,M13_DeRosa35
ENSG00000178201,M13_DeRosa35
ENSG00000178229,M13_DeRosa35
ENSG00000178503,M13_DeRosa35
ENSG00000180543,M13_DeRosa35
ENSG00000180938,M13_DeRosa35
ENSG00000183878,M13_DeRosa35
ENSG00000186019,M13_DeRosa35
ENSG00000187994,M13_DeRosa35
ENSG00000188321,M13_DeRosa35
ENSG00000188419,M13_DeRosa35
ENSG00000196263,M13_DeRosa35
ENSG00000196268,M13_DeRosa35
ENSG00000196867,M13_DeRosa35
ENSG00000197128,M13_DeRosa35
ENSG00000197928,M13_DeRosa35
ENSG00000198001,M13_DeRosa35
ENSG00000198205,M13_DeRosa35
ENSG00000198453,M13_DeRosa35
ENSG00000205583,M13_DeRosa35
ENSG00000206159,M13_DeRosa35
ENSG00000213096,M13_DeRosa35
ENSG00000213772,M13_DeRosa35
ENSG00000215307,M13_DeRosa35
ENSG00000216901,M13_DeRosa35
ENSG00000224597,M13_DeRosa35
ENSG00000225439,M13_DeRosa35
ENSG00000226555,M13_DeRosa35
ENSG00000226686,M13_DeRosa35
ENSG00000226721,M13_DeRosa35
ENSG00000227558,M13_DeRosa35
ENSG00000227888,M13_DeRosa35
ENSG00000227986,M13_DeRosa35
ENSG00000228998,M13_DeRosa35
ENSG00000229236,M13_DeRosa35
ENSG00000231700,M13_DeRosa35
ENSG00000233864,M13_DeRosa35
ENSG00000234444,M13_DeRosa35
ENSG00000234449,M13_DeRosa35
ENSG00000237440,M13_DeRosa35
ENSG00000241859,M13_DeRosa35
ENSG00000245680,M13_DeRosa35
ENSG00000250241,M13_DeRosa35
ENSG00000253537,M13_DeRosa35
ENSG00000253731,M13_DeRosa35
ENSG00000253767,M13_DeRosa35
ENSG00000255085,M13_DeRosa35
ENSG00000255366,M13_DeRosa35
ENSG00000256087,M13_DeRosa35
ENSG00000257675,M13_DeRosa35
ENSG00000257742,M13_DeRosa35
ENSG00000257800,M13_DeRosa35
ENSG00000258405,M13_DeRosa35
ENSG00000259066,M13_DeRosa35
ENSG00000259174,M13_DeRosa35
ENSG00000260197,M13_DeRosa35
ENSG00000266490,M13_DeRosa35
ENSG00000266912,M13_DeRosa35
ENSG00000267254,M13_DeRosa35
ENSG00000267454,M13_DeRosa35
ENSG00000267459,M13_DeRosa35
ENSG00000267470,M13_DeRosa35
ENSG00000267481,M13_DeRosa35
ENSG00000268205,M13_DeRosa35
ENSG00000268912,M13_DeRosa35
ENSG00000269399,M13_DeRosa35
ENSG00000269834,M13_DeRosa35
ENSG00000272054,M13_DeRosa35
ENSG00000272544,M13_DeRosa35
ENSG00000272604,M13_DeRosa35
ENSG00000273275,M13_DeRosa35
ENSG00000005075,M14_DeRosa35
ENSG00000007080,M14_DeRosa35
ENSG00000010256,M14_DeRosa35
ENSG00000011304,M14_DeRosa35
ENSG00000011485,M14_DeRosa35
ENSG00000023191,M14_DeRosa35
ENSG00000053371,M14_DeRosa35
ENSG00000055950,M14_DeRosa35
ENSG00000063244,M14_DeRosa35
ENSG00000064490,M14_DeRosa35
ENSG00000064601,M14_DeRosa35
ENSG00000064961,M14_DeRosa35
ENSG00000068001,M14_DeRosa35
ENSG00000072506,M14_DeRosa35
ENSG00000075415,M14_DeRosa35
ENSG00000076242,M14_DeRosa35
ENSG00000079999,M14_DeRosa35
ENSG00000081692,M14_DeRosa35
ENSG00000086504,M14_DeRosa35
ENSG00000087088,M14_DeRosa35
ENSG00000088682,M14_DeRosa35
ENSG00000090273,M14_DeRosa35
ENSG00000095906,M14_DeRosa35
ENSG00000099624,M14_DeRosa35
ENSG00000099795,M14_DeRosa35
ENSG00000100034,M14_DeRosa35
ENSG00000100209,M14_DeRosa35
ENSG00000100577,M14_DeRosa35
ENSG00000101084,M14_DeRosa35
ENSG00000104529,M14_DeRosa35
ENSG00000104872,M14_DeRosa35
ENSG00000104886,M14_DeRosa35
ENSG00000104889,M14_DeRosa35
ENSG00000105618,M14_DeRosa35
ENSG00000106803,M14_DeRosa35
ENSG00000109062,M14_DeRosa35
ENSG00000110711,M14_DeRosa35
ENSG00000110955,M14_DeRosa35
ENSG00000111652,M14_DeRosa35
ENSG00000111786,M14_DeRosa35
ENSG00000115234,M14_DeRosa35
ENSG00000115268,M14_DeRosa35
ENSG00000119333,M14_DeRosa35
ENSG00000119559,M14_DeRosa35
ENSG00000123144,M14_DeRosa35
ENSG00000123395,M14_DeRosa35
ENSG00000125458,M14_DeRosa35
ENSG00000125651,M14_DeRosa35
ENSG00000125970,M14_DeRosa35
ENSG00000125995,M14_DeRosa35
ENSG00000126215,M14_DeRosa35
ENSG00000126254,M14_DeRosa35
ENSG00000126457,M14_DeRosa35
ENSG00000126522,M14_DeRosa35
ENSG00000126934,M14_DeRosa35
ENSG00000127554,M14_DeRosa35
ENSG00000129932,M14_DeRosa35
ENSG00000130165,M14_DeRosa35
ENSG00000130706,M14_DeRosa35
ENSG00000130733,M14_DeRosa35
ENSG00000130770,M14_DeRosa35
ENSG00000131652,M14_DeRosa35
ENSG00000131669,M14_DeRosa35
ENSG00000132254,M14_DeRosa35
ENSG00000133275,M14_DeRosa35
ENSG00000139428,M14_DeRosa35
ENSG00000139546,M14_DeRosa35
ENSG00000141552,M14_DeRosa35
ENSG00000141985,M14_DeRosa35
ENSG00000142409,M14_DeRosa35
ENSG00000142694,M14_DeRosa35
ENSG00000142733,M14_DeRosa35
ENSG00000143761,M14_DeRosa35
ENSG00000145022,M14_DeRosa35
ENSG00000146540,M14_DeRosa35
ENSG00000146701,M14_DeRosa35
ENSG00000147123,M14_DeRosa35
ENSG00000149743,M14_DeRosa35
ENSG00000159352,M14_DeRosa35
ENSG00000160957,M14_DeRosa35
ENSG00000161016,M14_DeRosa35
ENSG00000161526,M14_DeRosa35
ENSG00000161999,M14_DeRosa35
ENSG00000162062,M14_DeRosa35
ENSG00000162244,M14_DeRosa35
ENSG00000163719,M14_DeRosa35
ENSG00000164889,M14_DeRosa35
ENSG00000164897,M14_DeRosa35
ENSG00000167118,M14_DeRosa35
ENSG00000167468,M14_DeRosa35
ENSG00000167671,M14_DeRosa35
ENSG00000167969,M14_DeRosa35
ENSG00000168101,M14_DeRosa35
ENSG00000168298,M14_DeRosa35
ENSG00000168393,M14_DeRosa35
ENSG00000168884,M14_DeRosa35
ENSG00000169100,M14_DeRosa35
ENSG00000169223,M14_DeRosa35
ENSG00000169592,M14_DeRosa35
ENSG00000169692,M14_DeRosa35
ENSG00000170291,M14_DeRosa35
ENSG00000170889,M14_DeRosa35
ENSG00000172009,M14_DeRosa35
ENSG00000172336,M14_DeRosa35
ENSG00000172531,M14_DeRosa35
ENSG00000172725,M14_DeRosa35
ENSG00000172922,M14_DeRosa35
ENSG00000173272,M14_DeRosa35
ENSG00000174851,M14_DeRosa35
ENSG00000174903,M14_DeRosa35
ENSG00000175634,M14_DeRosa35
ENSG00000175756,M14_DeRosa35
ENSG00000176101,M14_DeRosa35
ENSG00000176619,M14_DeRosa35
ENSG00000177352,M14_DeRosa35
ENSG00000178605,M14_DeRosa35
ENSG00000178952,M14_DeRosa35
ENSG00000179271,M14_DeRosa35
ENSG00000179950,M14_DeRosa35
ENSG00000183207,M14_DeRosa35
ENSG00000183617,M14_DeRosa35
ENSG00000184270,M14_DeRosa35
ENSG00000184924,M14_DeRosa35
ENSG00000185347,M14_DeRosa35
ENSG00000187778,M14_DeRosa35
ENSG00000188229,M14_DeRosa35
ENSG00000188486,M14_DeRosa35
ENSG00000196365,M14_DeRosa35
ENSG00000196787,M14_DeRosa35
ENSG00000198055,M14_DeRosa35
ENSG00000198356,M14_DeRosa35
ENSG00000204922,M14_DeRosa35
ENSG00000213619,M14_DeRosa35
ENSG00000213722,M14_DeRosa35
ENSG00000233762,M14_DeRosa35
ENSG00000236972,M14_DeRosa35
ENSG00000256316,M14_DeRosa35
ENSG00000000003,M15_DeRosa35
ENSG00000013375,M15_DeRosa35
ENSG00000037280,M15_DeRosa35
ENSG00000047410,M15_DeRosa35
ENSG00000067704,M15_DeRosa35
ENSG00000072444,M15_DeRosa35
ENSG00000072840,M15_DeRosa35
ENSG00000075643,M15_DeRosa35
ENSG00000087903,M15_DeRosa35
ENSG00000100376,M15_DeRosa35
ENSG00000101843,M15_DeRosa35
ENSG00000101868,M15_DeRosa35
ENSG00000101888,M15_DeRosa35
ENSG00000101935,M15_DeRosa35
ENSG00000102054,M15_DeRosa35
ENSG00000102174,M15_DeRosa35
ENSG00000108055,M15_DeRosa35
ENSG00000115252,M15_DeRosa35
ENSG00000116266,M15_DeRosa35
ENSG00000117360,M15_DeRosa35
ENSG00000117697,M15_DeRosa35
ENSG00000121089,M15_DeRosa35
ENSG00000123131,M15_DeRosa35
ENSG00000123349,M15_DeRosa35
ENSG00000123562,M15_DeRosa35
ENSG00000124749,M15_DeRosa35
ENSG00000125046,M15_DeRosa35
ENSG00000125246,M15_DeRosa35
ENSG00000125266,M15_DeRosa35
ENSG00000126878,M15_DeRosa35
ENSG00000127337,M15_DeRosa35
ENSG00000130741,M15_DeRosa35
ENSG00000130962,M15_DeRosa35
ENSG00000131778,M15_DeRosa35
ENSG00000132688,M15_DeRosa35
ENSG00000133104,M15_DeRosa35
ENSG00000133131,M15_DeRosa35
ENSG00000136463,M15_DeRosa35
ENSG00000136811,M15_DeRosa35
ENSG00000137193,M15_DeRosa35
ENSG00000139679,M15_DeRosa35
ENSG00000147027,M15_DeRosa35
ENSG00000147592,M15_DeRosa35
ENSG00000156384,M15_DeRosa35
ENSG00000156482,M15_DeRosa35
ENSG00000156709,M15_DeRosa35
ENSG00000158163,M15_DeRosa35
ENSG00000160908,M15_DeRosa35
ENSG00000163629,M15_DeRosa35
ENSG00000163935,M15_DeRosa35
ENSG00000164692,M15_DeRosa35
ENSG00000165061,M15_DeRosa35
ENSG00000168135,M15_DeRosa35
ENSG00000169895,M15_DeRosa35
ENSG00000176244,M15_DeRosa35
ENSG00000180574,M15_DeRosa35
ENSG00000180964,M15_DeRosa35
ENSG00000182890,M15_DeRosa35
ENSG00000186638,M15_DeRosa35
ENSG00000186676,M15_DeRosa35
ENSG00000187627,M15_DeRosa35
ENSG00000189171,M15_DeRosa35
ENSG00000197406,M15_DeRosa35
ENSG00000203952,M15_DeRosa35
ENSG00000204377,M15_DeRosa35
ENSG00000212371,M15_DeRosa35
ENSG00000213326,M15_DeRosa35
ENSG00000214401,M15_DeRosa35
ENSG00000214814,M15_DeRosa35
ENSG00000215016,M15_DeRosa35
ENSG00000220749,M15_DeRosa35
ENSG00000225420,M15_DeRosa35
ENSG00000225470,M15_DeRosa35
ENSG00000226243,M15_DeRosa35
ENSG00000227087,M15_DeRosa35
ENSG00000228205,M15_DeRosa35
ENSG00000232176,M15_DeRosa35
ENSG00000234183,M15_DeRosa35
ENSG00000234369,M15_DeRosa35
ENSG00000234373,M15_DeRosa35
ENSG00000236397,M15_DeRosa35
ENSG00000240344,M15_DeRosa35
ENSG00000240371,M15_DeRosa35
ENSG00000240376,M15_DeRosa35
ENSG00000243802,M15_DeRosa35
ENSG00000244073,M15_DeRosa35
ENSG00000244642,M15_DeRosa35
ENSG00000249846,M15_DeRosa35
ENSG00000261575,M15_DeRosa35
ENSG00000016082,M16_DeRosa35
ENSG00000057704,M16_DeRosa35
ENSG00000077274,M16_DeRosa35
ENSG00000101343,M16_DeRosa35
ENSG00000101882,M16_DeRosa35
ENSG00000106066,M16_DeRosa35
ENSG00000106823,M16_DeRosa35
ENSG00000114416,M16_DeRosa35
ENSG00000115839,M16_DeRosa35
ENSG00000117122,M16_DeRosa35
ENSG00000118515,M16_DeRosa35
ENSG00000134755,M16_DeRosa35
ENSG00000136167,M16_DeRosa35
ENSG00000137818,M16_DeRosa35
ENSG00000139304,M16_DeRosa35
ENSG00000145681,M16_DeRosa35
ENSG00000153786,M16_DeRosa35
ENSG00000164707,M16_DeRosa35
ENSG00000166387,M16_DeRosa35
ENSG00000170370,M16_DeRosa35
ENSG00000170745,M16_DeRosa35
ENSG00000171621,M16_DeRosa35
ENSG00000180730,M16_DeRosa35
ENSG00000196549,M16_DeRosa35
ENSG00000206954,M16_DeRosa35
ENSG00000221514,M16_DeRosa35
ENSG00000230039,M16_DeRosa35
ENSG00000237748,M16_DeRosa35
ENSG00000240563,M16_DeRosa35
ENSG00000246777,M16_DeRosa35
ENSG00000256092,M16_DeRosa35
ENSG00000259663,M16_DeRosa35
ENSG00000261766,M16_DeRosa35
ENSG00000024422,M17_DeRosa35
ENSG00000067182,M17_DeRosa35
ENSG00000068097,M17_DeRosa35
ENSG00000070540,M17_DeRosa35
ENSG00000074621,M17_DeRosa35
ENSG00000075275,M17_DeRosa35
ENSG00000084652,M17_DeRosa35
ENSG00000100600,M17_DeRosa35
ENSG00000102100,M17_DeRosa35
ENSG00000102265,M17_DeRosa35
ENSG00000105699,M17_DeRosa35
ENSG00000116194,M17_DeRosa35
ENSG00000117362,M17_DeRosa35
ENSG00000119777,M17_DeRosa35
ENSG00000119943,M17_DeRosa35
ENSG00000125844,M17_DeRosa35
ENSG00000126785,M17_DeRosa35
ENSG00000128591,M17_DeRosa35
ENSG00000135916,M17_DeRosa35
ENSG00000139684,M17_DeRosa35
ENSG00000140092,M17_DeRosa35
ENSG00000142669,M17_DeRosa35
ENSG00000143458,M17_DeRosa35
ENSG00000147475,M17_DeRosa35
ENSG00000151116,M17_DeRosa35
ENSG00000153066,M17_DeRosa35
ENSG00000158604,M17_DeRosa35
ENSG00000166908,M17_DeRosa35
ENSG00000175899,M17_DeRosa35
ENSG00000179761,M17_DeRosa35
ENSG00000179820,M17_DeRosa35
ENSG00000181789,M17_DeRosa35
ENSG00000187498,M17_DeRosa35
ENSG00000197555,M17_DeRosa35
ENSG00000197702,M17_DeRosa35
ENSG00000204592,M17_DeRosa35
ENSG00000205643,M17_DeRosa35
ENSG00000225791,M17_DeRosa35
ENSG00000231181,M17_DeRosa35
ENSG00000242242,M17_DeRosa35
ENSG00000244218,M17_DeRosa35
ENSG00000246898,M17_DeRosa35
ENSG00000260604,M17_DeRosa35
ENSG00000267541,M17_DeRosa35
ENSG00000269959,M17_DeRosa35
ENSG00000270504,M17_DeRosa35
ENSG00000011105,M18_DeRosa35
ENSG00000051382,M18_DeRosa35
ENSG00000063601,M18_DeRosa35
ENSG00000071242,M18_DeRosa35
ENSG00000074356,M18_DeRosa35
ENSG00000082126,M18_DeRosa35
ENSG00000099995,M18_DeRosa35
ENSG00000100014,M18_DeRosa35
ENSG00000100744,M18_DeRosa35
ENSG00000102547,M18_DeRosa35
ENSG00000106070,M18_DeRosa35
ENSG00000106771,M18_DeRosa35
ENSG00000110851,M18_DeRosa35
ENSG00000113163,M18_DeRosa35
ENSG00000116138,M18_DeRosa35
ENSG00000117461,M18_DeRosa35
ENSG00000124120,M18_DeRosa35
ENSG00000127124,M18_DeRosa35
ENSG00000131379,M18_DeRosa35
ENSG00000131389,M18_DeRosa35
ENSG00000133226,M18_DeRosa35
ENSG00000140839,M18_DeRosa35
ENSG00000141837,M18_DeRosa35
ENSG00000145016,M18_DeRosa35
ENSG00000145476,M18_DeRosa35
ENSG00000147041,M18_DeRosa35
ENSG00000148606,M18_DeRosa35
ENSG00000153391,M18_DeRosa35
ENSG00000155975,M18_DeRosa35
ENSG00000163012,M18_DeRosa35
ENSG00000166963,M18_DeRosa35
ENSG00000167034,M18_DeRosa35
ENSG00000169180,M18_DeRosa35
ENSG00000169752,M18_DeRosa35
ENSG00000170236,M18_DeRosa35
ENSG00000170325,M18_DeRosa35
ENSG00000170500,M18_DeRosa35
ENSG00000174792,M18_DeRosa35
ENSG00000176182,M18_DeRosa35
ENSG00000178567,M18_DeRosa35
ENSG00000180509,M18_DeRosa35
ENSG00000182534,M18_DeRosa35
ENSG00000188613,M18_DeRosa35
ENSG00000197343,M18_DeRosa35
ENSG00000198429,M18_DeRosa35
ENSG00000203832,M18_DeRosa35
ENSG00000207248,M18_DeRosa35
ENSG00000214216,M18_DeRosa35
ENSG00000215271,M18_DeRosa35
ENSG00000219395,M18_DeRosa35
ENSG00000219608,M18_DeRosa35
ENSG00000224775,M18_DeRosa35
ENSG00000227124,M18_DeRosa35
ENSG00000230042,M18_DeRosa35
ENSG00000230105,M18_DeRosa35
ENSG00000231697,M18_DeRosa35
ENSG00000232082,M18_DeRosa35
ENSG00000233757,M18_DeRosa35
ENSG00000237456,M18_DeRosa35
ENSG00000237892,M18_DeRosa35
ENSG00000241404,M18_DeRosa35
ENSG00000249661,M18_DeRosa35
ENSG00000255310,M18_DeRosa35
ENSG00000257169,M18_DeRosa35
ENSG00000259935,M18_DeRosa35
ENSG00000260114,M18_DeRosa35
ENSG00000263535,M18_DeRosa35
ENSG00000264596,M18_DeRosa35
ENSG00000266844,M18_DeRosa35
ENSG00000268543,M18_DeRosa35
ENSG00000269918,M18_DeRosa35
ENSG00000270130,M18_DeRosa35
ENSG00000270248,M18_DeRosa35
ENSG00000272056,M18_DeRosa35
ENSG00000272885,M18_DeRosa35
ENSG00000273245,M18_DeRosa35
ENSG00000004766,M19_DeRosa35
ENSG00000021574,M19_DeRosa35
ENSG00000023171,M19_DeRosa35
ENSG00000033122,M19_DeRosa35
ENSG00000054356,M19_DeRosa35
ENSG00000058335,M19_DeRosa35
ENSG00000061676,M19_DeRosa35
ENSG00000063015,M19_DeRosa35
ENSG00000073969,M19_DeRosa35
ENSG00000074211,M19_DeRosa35
ENSG00000076864,M19_DeRosa35
ENSG00000077063,M19_DeRosa35
ENSG00000080224,M19_DeRosa35
ENSG00000100580,M19_DeRosa35
ENSG00000101333,M19_DeRosa35
ENSG00000101958,M19_DeRosa35
ENSG00000103540,M19_DeRosa35
ENSG00000104643,M19_DeRosa35
ENSG00000104833,M19_DeRosa35
ENSG00000105696,M19_DeRosa35
ENSG00000106537,M19_DeRosa35
ENSG00000108309,M19_DeRosa35
ENSG00000109654,M19_DeRosa35
ENSG00000109771,M19_DeRosa35
ENSG00000109991,M19_DeRosa35
ENSG00000110675,M19_DeRosa35
ENSG00000110786,M19_DeRosa35
ENSG00000112599,M19_DeRosa35
ENSG00000117016,M19_DeRosa35
ENSG00000117598,M19_DeRosa35
ENSG00000122592,M19_DeRosa35
ENSG00000122733,M19_DeRosa35
ENSG00000124194,M19_DeRosa35
ENSG00000124493,M19_DeRosa35
ENSG00000125388,M19_DeRosa35
ENSG00000125462,M19_DeRosa35
ENSG00000125895,M19_DeRosa35
ENSG00000126861,M19_DeRosa35
ENSG00000128011,M19_DeRosa35
ENSG00000130584,M19_DeRosa35
ENSG00000130638,M19_DeRosa35
ENSG00000130643,M19_DeRosa35
ENSG00000131242,M19_DeRosa35
ENSG00000133878,M19_DeRosa35
ENSG00000135116,M19_DeRosa35
ENSG00000135144,M19_DeRosa35
ENSG00000135454,M19_DeRosa35
ENSG00000136710,M19_DeRosa35
ENSG00000138623,M19_DeRosa35
ENSG00000139351,M19_DeRosa35
ENSG00000144747,M19_DeRosa35
ENSG00000145242,M19_DeRosa35
ENSG00000145451,M19_DeRosa35
ENSG00000148408,M19_DeRosa35
ENSG00000148488,M19_DeRosa35
ENSG00000151468,M19_DeRosa35
ENSG00000152689,M19_DeRosa35
ENSG00000153714,M19_DeRosa35
ENSG00000153823,M19_DeRosa35
ENSG00000153975,M19_DeRosa35
ENSG00000153982,M19_DeRosa35
ENSG00000154447,M19_DeRosa35
ENSG00000155265,M19_DeRosa35
ENSG00000155858,M19_DeRosa35
ENSG00000155897,M19_DeRosa35
ENSG00000156097,M19_DeRosa35
ENSG00000156486,M19_DeRosa35
ENSG00000156564,M19_DeRosa35
ENSG00000156959,M19_DeRosa35
ENSG00000157087,M19_DeRosa35
ENSG00000157214,M19_DeRosa35
ENSG00000157693,M19_DeRosa35
ENSG00000158806,M19_DeRosa35
ENSG00000160460,M19_DeRosa35
ENSG00000161647,M19_DeRosa35
ENSG00000163053,M19_DeRosa35
ENSG00000163083,M19_DeRosa35
ENSG00000163485,M19_DeRosa35
ENSG00000163673,M19_DeRosa35
ENSG00000164176,M19_DeRosa35
ENSG00000164683,M19_DeRosa35
ENSG00000164796,M19_DeRosa35
ENSG00000165379,M19_DeRosa35
ENSG00000165606,M19_DeRosa35
ENSG00000166128,M19_DeRosa35
ENSG00000166405,M19_DeRosa35
ENSG00000166780,M19_DeRosa35
ENSG00000166848,M19_DeRosa35
ENSG00000167081,M19_DeRosa35
ENSG00000168453,M19_DeRosa35
ENSG00000168824,M19_DeRosa35
ENSG00000168843,M19_DeRosa35
ENSG00000169740,M19_DeRosa35
ENSG00000169855,M19_DeRosa35
ENSG00000170113,M19_DeRosa35
ENSG00000170122,M19_DeRosa35
ENSG00000171303,M19_DeRosa35
ENSG00000171791,M19_DeRosa35
ENSG00000172375,M19_DeRosa35
ENSG00000172461,M19_DeRosa35
ENSG00000172985,M19_DeRosa35
ENSG00000173210,M19_DeRosa35
ENSG00000174145,M19_DeRosa35
ENSG00000174279,M19_DeRosa35
ENSG00000174521,M19_DeRosa35
ENSG00000175087,M19_DeRosa35
ENSG00000176387,M19_DeRosa35
ENSG00000176454,M19_DeRosa35
ENSG00000176723,M19_DeRosa35
ENSG00000176884,M19_DeRosa35
ENSG00000177453,M19_DeRosa35
ENSG00000179057,M19_DeRosa35
ENSG00000179902,M19_DeRosa35
ENSG00000179935,M19_DeRosa35
ENSG00000182103,M19_DeRosa35
ENSG00000182247,M19_DeRosa35
ENSG00000182670,M19_DeRosa35
ENSG00000182759,M19_DeRosa35
ENSG00000182901,M19_DeRosa35
ENSG00000183117,M19_DeRosa35
ENSG00000183317,M19_DeRosa35
ENSG00000184402,M19_DeRosa35
ENSG00000184792,M19_DeRosa35
ENSG00000185615,M19_DeRosa35
ENSG00000186231,M19_DeRosa35
ENSG00000186472,M19_DeRosa35
ENSG00000186487,M19_DeRosa35
ENSG00000187260,M19_DeRosa35
ENSG00000188580,M19_DeRosa35
ENSG00000188848,M19_DeRosa35
ENSG00000196104,M19_DeRosa35
ENSG00000196911,M19_DeRosa35
ENSG00000197006,M19_DeRosa35
ENSG00000197959,M19_DeRosa35
ENSG00000198133,M19_DeRosa35
ENSG00000198455,M19_DeRosa35
ENSG00000200742,M19_DeRosa35
ENSG00000203819,M19_DeRosa35
ENSG00000204128,M19_DeRosa35
ENSG00000204130,M19_DeRosa35
ENSG00000204241,M19_DeRosa35
ENSG00000206052,M19_DeRosa35
ENSG00000221946,M19_DeRosa35
ENSG00000224167,M19_DeRosa35
ENSG00000225465,M19_DeRosa35
ENSG00000226684,M19_DeRosa35
ENSG00000227906,M19_DeRosa35
ENSG00000229692,M19_DeRosa35
ENSG00000231307,M19_DeRosa35
ENSG00000231672,M19_DeRosa35
ENSG00000236943,M19_DeRosa35
ENSG00000242173,M19_DeRosa35
ENSG00000248791,M19_DeRosa35
ENSG00000253308,M19_DeRosa35
ENSG00000253457,M19_DeRosa35
ENSG00000255178,M19_DeRosa35
ENSG00000260464,M19_DeRosa35
ENSG00000260641,M19_DeRosa35
ENSG00000260664,M19_DeRosa35
ENSG00000261292,M19_DeRosa35
ENSG00000261786,M19_DeRosa35
ENSG00000269510,M19_DeRosa35
ENSG00000270135,M19_DeRosa35
ENSG00000272420,M19_DeRosa35
ENSG00000273151,M19_DeRosa35
ENSG00000273274,M19_DeRosa35
ENSG00000006468,M20_DeRosa35
ENSG00000066056,M20_DeRosa35
ENSG00000067141,M20_DeRosa35
ENSG00000087338,M20_DeRosa35
ENSG00000091128,M20_DeRosa35
ENSG00000107929,M20_DeRosa35
ENSG00000112242,M20_DeRosa35
ENSG00000117155,M20_DeRosa35
ENSG00000123908,M20_DeRosa35
ENSG00000132010,M20_DeRosa35
ENSG00000138161,M20_DeRosa35
ENSG00000160229,M20_DeRosa35
ENSG00000162290,M20_DeRosa35
ENSG00000165124,M20_DeRosa35
ENSG00000166068,M20_DeRosa35
ENSG00000167258,M20_DeRosa35
ENSG00000170085,M20_DeRosa35
ENSG00000170322,M20_DeRosa35
ENSG00000178904,M20_DeRosa35
ENSG00000180773,M20_DeRosa35
ENSG00000181358,M20_DeRosa35
ENSG00000185485,M20_DeRosa35
ENSG00000188971,M20_DeRosa35
ENSG00000196591,M20_DeRosa35
ENSG00000198035,M20_DeRosa35
ENSG00000200753,M20_DeRosa35
ENSG00000213380,M20_DeRosa35
ENSG00000220960,M20_DeRosa35
ENSG00000222937,M20_DeRosa35
ENSG00000225092,M20_DeRosa35
ENSG00000225224,M20_DeRosa35
ENSG00000225471,M20_DeRosa35
ENSG00000225784,M20_DeRosa35
ENSG00000226783,M20_DeRosa35
ENSG00000227082,M20_DeRosa35
ENSG00000228399,M20_DeRosa35
ENSG00000230787,M20_DeRosa35
ENSG00000231120,M20_DeRosa35
ENSG00000233680,M20_DeRosa35
ENSG00000235786,M20_DeRosa35
ENSG00000236229,M20_DeRosa35
ENSG00000237550,M20_DeRosa35
ENSG00000241882,M20_DeRosa35
ENSG00000248827,M20_DeRosa35
ENSG00000255222,M20_DeRosa35
ENSG00000259865,M20_DeRosa35
ENSG00000263883,M20_DeRosa35
ENSG00000264109,M20_DeRosa35
ENSG00000264508,M20_DeRosa35
ENSG00000268105,M20_DeRosa35
ENSG00000272142,M20_DeRosa35
ENSG00000010278,M21_DeRosa35
ENSG00000011465,M21_DeRosa35
ENSG00000013374,M21_DeRosa35
ENSG00000064199,M21_DeRosa35
ENSG00000083544,M21_DeRosa35
ENSG00000093167,M21_DeRosa35
ENSG00000101052,M21_DeRosa35
ENSG00000102309,M21_DeRosa35
ENSG00000102409,M21_DeRosa35
ENSG00000105926,M21_DeRosa35
ENSG00000108468,M21_DeRosa35
ENSG00000112981,M21_DeRosa35
ENSG00000116717,M21_DeRosa35
ENSG00000119699,M21_DeRosa35
ENSG00000122497,M21_DeRosa35
ENSG00000133142,M21_DeRosa35
ENSG00000139329,M21_DeRosa35
ENSG00000144061,M21_DeRosa35
ENSG00000147231,M21_DeRosa35
ENSG00000149970,M21_DeRosa35
ENSG00000155761,M21_DeRosa35
ENSG00000157483,M21_DeRosa35
ENSG00000159714,M21_DeRosa35
ENSG00000162814,M21_DeRosa35
ENSG00000172465,M21_DeRosa35
ENSG00000175984,M21_DeRosa35
ENSG00000180318,M21_DeRosa35
ENSG00000180758,M21_DeRosa35
ENSG00000184005,M21_DeRosa35
ENSG00000204815,M21_DeRosa35
ENSG00000223935,M21_DeRosa35
ENSG00000241563,M21_DeRosa35
ENSG00000241764,M21_DeRosa35
ENSG00000257135,M21_DeRosa35
ENSG00000267858,M21_DeRosa35
ENSG00000269896,M21_DeRosa35
ENSG00000005022,M22_DeRosa35
ENSG00000006712,M22_DeRosa35
ENSG00000007968,M22_DeRosa35
ENSG00000008018,M22_DeRosa35
ENSG00000010292,M22_DeRosa35
ENSG00000012061,M22_DeRosa35
ENSG00000013573,M22_DeRosa35
ENSG00000013810,M22_DeRosa35
ENSG00000015133,M22_DeRosa35
ENSG00000034063,M22_DeRosa35
ENSG00000042088,M22_DeRosa35
ENSG00000051596,M22_DeRosa35
ENSG00000054598,M22_DeRosa35
ENSG00000063978,M22_DeRosa35
ENSG00000067596,M22_DeRosa35
ENSG00000068383,M22_DeRosa35
ENSG00000068489,M22_DeRosa35
ENSG00000071243,M22_DeRosa35
ENSG00000071626,M22_DeRosa35
ENSG00000072310,M22_DeRosa35
ENSG00000074219,M22_DeRosa35
ENSG00000075218,M22_DeRosa35
ENSG00000075702,M22_DeRosa35
ENSG00000076928,M22_DeRosa35
ENSG00000079277,M22_DeRosa35
ENSG00000079459,M22_DeRosa35
ENSG00000079616,M22_DeRosa35
ENSG00000080839,M22_DeRosa35
ENSG00000082515,M22_DeRosa35
ENSG00000084207,M22_DeRosa35
ENSG00000085662,M22_DeRosa35
ENSG00000086475,M22_DeRosa35
ENSG00000087087,M22_DeRosa35
ENSG00000087365,M22_DeRosa35
ENSG00000088325,M22_DeRosa35
ENSG00000090889,M22_DeRosa35
ENSG00000092036,M22_DeRosa35
ENSG00000092621,M22_DeRosa35
ENSG00000094914,M22_DeRosa35
ENSG00000099783,M22_DeRosa35
ENSG00000100162,M22_DeRosa35
ENSG00000100297,M22_DeRosa35
ENSG00000100379,M22_DeRosa35
ENSG00000100401,M22_DeRosa35
ENSG00000100442,M22_DeRosa35
ENSG00000100823,M22_DeRosa35
ENSG00000101412,M22_DeRosa35
ENSG00000101447,M22_DeRosa35
ENSG00000102572,M22_DeRosa35
ENSG00000103275,M22_DeRosa35
ENSG00000104147,M22_DeRosa35
ENSG00000104472,M22_DeRosa35
ENSG00000105011,M22_DeRosa35
ENSG00000106268,M22_DeRosa35
ENSG00000106554,M22_DeRosa35
ENSG00000110063,M22_DeRosa35
ENSG00000111206,M22_DeRosa35
ENSG00000111602,M22_DeRosa35
ENSG00000111665,M22_DeRosa35
ENSG00000111726,M22_DeRosa35
ENSG00000112640,M22_DeRosa35
ENSG00000112658,M22_DeRosa35
ENSG00000112877,M22_DeRosa35
ENSG00000113504,M22_DeRosa35
ENSG00000113648,M22_DeRosa35
ENSG00000114354,M22_DeRosa35
ENSG00000115163,M22_DeRosa35
ENSG00000117399,M22_DeRosa35
ENSG00000117650,M22_DeRosa35
ENSG00000118707,M22_DeRosa35
ENSG00000119471,M22_DeRosa35
ENSG00000121236,M22_DeRosa35
ENSG00000122966,M22_DeRosa35
ENSG00000123374,M22_DeRosa35
ENSG00000124508,M22_DeRosa35
ENSG00000124529,M22_DeRosa35
ENSG00000125319,M22_DeRosa35
ENSG00000125779,M22_DeRosa35
ENSG00000125835,M22_DeRosa35
ENSG00000125843,M22_DeRosa35
ENSG00000126453,M22_DeRosa35
ENSG00000127564,M22_DeRosa35
ENSG00000129195,M22_DeRosa35
ENSG00000129347,M22_DeRosa35
ENSG00000130164,M22_DeRosa35
ENSG00000130640,M22_DeRosa35
ENSG00000131473,M22_DeRosa35
ENSG00000131747,M22_DeRosa35
ENSG00000131944,M22_DeRosa35
ENSG00000132383,M22_DeRosa35
ENSG00000132600,M22_DeRosa35
ENSG00000132676,M22_DeRosa35
ENSG00000132780,M22_DeRosa35
ENSG00000133193,M22_DeRosa35
ENSG00000133835,M22_DeRosa35
ENSG00000134222,M22_DeRosa35
ENSG00000134690,M22_DeRosa35
ENSG00000135451,M22_DeRosa35
ENSG00000135476,M22_DeRosa35
ENSG00000135486,M22_DeRosa35
ENSG00000135723,M22_DeRosa35
ENSG00000135736,M22_DeRosa35
ENSG00000136450,M22_DeRosa35
ENSG00000137413,M22_DeRosa35
ENSG00000137693,M22_DeRosa35
ENSG00000137700,M22_DeRosa35
ENSG00000137804,M22_DeRosa35
ENSG00000138794,M22_DeRosa35
ENSG00000139291,M22_DeRosa35
ENSG00000139675,M22_DeRosa35
ENSG00000140319,M22_DeRosa35
ENSG00000140451,M22_DeRosa35
ENSG00000140931,M22_DeRosa35
ENSG00000141510,M22_DeRosa35
ENSG00000141696,M22_DeRosa35
ENSG00000142230,M22_DeRosa35
ENSG00000143222,M22_DeRosa35
ENSG00000143228,M22_DeRosa35
ENSG00000143416,M22_DeRosa35
ENSG00000143543,M22_DeRosa35
ENSG00000143612,M22_DeRosa35
ENSG00000143799,M22_DeRosa35
ENSG00000143815,M22_DeRosa35
ENSG00000144554,M22_DeRosa35
ENSG00000148688,M22_DeRosa35
ENSG00000148719,M22_DeRosa35
ENSG00000148773,M22_DeRosa35
ENSG00000149485,M22_DeRosa35
ENSG00000149503,M22_DeRosa35
ENSG00000152253,M22_DeRosa35
ENSG00000152818,M22_DeRosa35
ENSG00000154920,M22_DeRosa35
ENSG00000156398,M22_DeRosa35
ENSG00000156869,M22_DeRosa35
ENSG00000158402,M22_DeRosa35
ENSG00000159063,M22_DeRosa35
ENSG00000159210,M22_DeRosa35
ENSG00000160075,M22_DeRosa35
ENSG00000160201,M22_DeRosa35
ENSG00000160447,M22_DeRosa35
ENSG00000160752,M22_DeRosa35
ENSG00000161888,M22_DeRosa35
ENSG00000162063,M22_DeRosa35
ENSG00000164087,M22_DeRosa35
ENSG00000164104,M22_DeRosa35
ENSG00000164611,M22_DeRosa35
ENSG00000164818,M22_DeRosa35
ENSG00000166333,M22_DeRosa35
ENSG00000166441,M22_DeRosa35
ENSG00000166851,M22_DeRosa35
ENSG00000166946,M22_DeRosa35
ENSG00000167670,M22_DeRosa35
ENSG00000167986,M22_DeRosa35
ENSG00000168002,M22_DeRosa35
ENSG00000168078,M22_DeRosa35
ENSG00000168476,M22_DeRosa35
ENSG00000168874,M22_DeRosa35
ENSG00000168883,M22_DeRosa35
ENSG00000169045,M22_DeRosa35
ENSG00000169567,M22_DeRosa35
ENSG00000170035,M22_DeRosa35
ENSG00000170540,M22_DeRosa35
ENSG00000170836,M22_DeRosa35
ENSG00000171311,M22_DeRosa35
ENSG00000171720,M22_DeRosa35
ENSG00000171792,M22_DeRosa35
ENSG00000172586,M22_DeRosa35
ENSG00000173207,M22_DeRosa35
ENSG00000173473,M22_DeRosa35
ENSG00000174374,M22_DeRosa35
ENSG00000174799,M22_DeRosa35
ENSG00000175166,M22_DeRosa35
ENSG00000175216,M22_DeRosa35
ENSG00000175643,M22_DeRosa35
ENSG00000175895,M22_DeRosa35
ENSG00000176393,M22_DeRosa35
ENSG00000176783,M22_DeRosa35
ENSG00000176912,M22_DeRosa35
ENSG00000177084,M22_DeRosa35
ENSG00000178878,M22_DeRosa35
ENSG00000178921,M22_DeRosa35
ENSG00000178999,M22_DeRosa35
ENSG00000179172,M22_DeRosa35
ENSG00000179862,M22_DeRosa35
ENSG00000180581,M22_DeRosa35
ENSG00000181396,M22_DeRosa35
ENSG00000182378,M22_DeRosa35
ENSG00000182512,M22_DeRosa35
ENSG00000182628,M22_DeRosa35
ENSG00000183048,M22_DeRosa35
ENSG00000183647,M22_DeRosa35
ENSG00000183763,M22_DeRosa35
ENSG00000183856,M22_DeRosa35
ENSG00000184441,M22_DeRosa35
ENSG00000184678,M22_DeRosa35
ENSG00000184825,M22_DeRosa35
ENSG00000185088,M22_DeRosa35
ENSG00000185115,M22_DeRosa35
ENSG00000185361,M22_DeRosa35
ENSG00000186185,M22_DeRosa35
ENSG00000187147,M22_DeRosa35
ENSG00000187741,M22_DeRosa35
ENSG00000187837,M22_DeRosa35
ENSG00000187951,M22_DeRosa35
ENSG00000188856,M22_DeRosa35
ENSG00000189403,M22_DeRosa35
ENSG00000196331,M22_DeRosa35
ENSG00000196655,M22_DeRosa35
ENSG00000197409,M22_DeRosa35
ENSG00000198355,M22_DeRosa35
ENSG00000198746,M22_DeRosa35
ENSG00000198830,M22_DeRosa35
ENSG00000198912,M22_DeRosa35
ENSG00000198937,M22_DeRosa35
ENSG00000202496,M22_DeRosa35
ENSG00000204673,M22_DeRosa35
ENSG00000205246,M22_DeRosa35
ENSG00000205250,M22_DeRosa35
ENSG00000205352,M22_DeRosa35
ENSG00000205659,M22_DeRosa35
ENSG00000207442,M22_DeRosa35
ENSG00000213144,M22_DeRosa35
ENSG00000213390,M22_DeRosa35
ENSG00000213988,M22_DeRosa35
ENSG00000214223,M22_DeRosa35
ENSG00000215784,M22_DeRosa35
ENSG00000215835,M22_DeRosa35
ENSG00000217835,M22_DeRosa35
ENSG00000219201,M22_DeRosa35
ENSG00000220842,M22_DeRosa35
ENSG00000221829,M22_DeRosa35
ENSG00000224126,M22_DeRosa35
ENSG00000225462,M22_DeRosa35
ENSG00000226544,M22_DeRosa35
ENSG00000226650,M22_DeRosa35
ENSG00000228857,M22_DeRosa35
ENSG00000230146,M22_DeRosa35
ENSG00000230330,M22_DeRosa35
ENSG00000231747,M22_DeRosa35
ENSG00000231848,M22_DeRosa35
ENSG00000232387,M22_DeRosa35
ENSG00000235734,M22_DeRosa35
ENSG00000235748,M22_DeRosa35
ENSG00000237649,M22_DeRosa35
ENSG00000240399,M22_DeRosa35
ENSG00000240682,M22_DeRosa35
ENSG00000242798,M22_DeRosa35
ENSG00000243364,M22_DeRosa35
ENSG00000244184,M22_DeRosa35
ENSG00000249014,M22_DeRosa35
ENSG00000250848,M22_DeRosa35
ENSG00000251400,M22_DeRosa35
ENSG00000254986,M22_DeRosa35
ENSG00000256018,M22_DeRosa35
ENSG00000256663,M22_DeRosa35
ENSG00000256673,M22_DeRosa35
ENSG00000257179,M22_DeRosa35
ENSG00000257307,M22_DeRosa35
ENSG00000258457,M22_DeRosa35
ENSG00000260806,M22_DeRosa35
ENSG00000260852,M22_DeRosa35
ENSG00000267317,M22_DeRosa35
ENSG00000267886,M22_DeRosa35
ENSG00000268310,M22_DeRosa35
ENSG00000268516,M22_DeRosa35
ENSG00000268895,M22_DeRosa35
ENSG00000269940,M22_DeRosa35
ENSG00000269974,M22_DeRosa35
ENSG00000270959,M22_DeRosa35
ENSG00000010244,M23_DeRosa35
ENSG00000094975,M23_DeRosa35
ENSG00000118976,M23_DeRosa35
ENSG00000143322,M23_DeRosa35
ENSG00000144233,M23_DeRosa35
ENSG00000144559,M23_DeRosa35
ENSG00000152683,M23_DeRosa35
ENSG00000164164,M23_DeRosa35
ENSG00000164244,M23_DeRosa35
ENSG00000168807,M23_DeRosa35
ENSG00000180182,M23_DeRosa35
ENSG00000182308,M23_DeRosa35
ENSG00000189045,M23_DeRosa35
ENSG00000212207,M23_DeRosa35
ENSG00000217555,M23_DeRosa35
ENSG00000224593,M23_DeRosa35
ENSG00000226396,M23_DeRosa35
ENSG00000226498,M23_DeRosa35
ENSG00000228283,M23_DeRosa35
ENSG00000229605,M23_DeRosa35
ENSG00000230002,M23_DeRosa35
ENSG00000232295,M23_DeRosa35
ENSG00000232411,M23_DeRosa35
ENSG00000232915,M23_DeRosa35
ENSG00000234031,M23_DeRosa35
ENSG00000249437,M23_DeRosa35
ENSG00000256304,M23_DeRosa35
ENSG00000259424,M23_DeRosa35
ENSG00000259690,M23_DeRosa35
ENSG00000261056,M23_DeRosa35
ENSG00000261280,M23_DeRosa35
ENSG00000261291,M23_DeRosa35
ENSG00000264801,M23_DeRosa35
ENSG00000266258,M23_DeRosa35
ENSG00000271204,M23_DeRosa35
ENSG00000273343,M23_DeRosa35
