"InputCategories","UserDefinedCategories","Type","CorrectedPvalues","NumGenes","CategoryGenes"
"M11","M11_Parikshak2013__DATA/modules_allStudies.csv","User",1.02627638672302e-144,116,"ENSG00000007968, ENSG00000012048, ENSG00000013810, ENSG00000024526, ENSG00000035499, ENSG00000065328, ENSG00000066279, ENSG00000072571, ENSG00000073111, ENSG00000075218, ENSG00000075702, ENSG00000076382, ENSG00000077152, ENSG00000079616, ENSG00000080839, ENSG00000080986, ENSG00000085999, ENSG00000087586, ENSG00000088325, ENSG00000089685, ENSG00000090889, ENSG00000091651, ENSG00000093009, ENSG00000101057, ENSG00000101447, ENSG00000102384, ENSG00000104147, ENSG00000104738, ENSG00000105011, ENSG00000105486, ENSG00000111206, ENSG00000111247, ENSG00000111602, ENSG00000111665, ENSG00000112029, ENSG00000112742, ENSG00000112984, ENSG00000113810, ENSG00000115163, ENSG00000117399, ENSG00000117650, ENSG00000117724, ENSG00000121152, ENSG00000122952, ENSG00000123219, ENSG00000123473, ENSG00000123485, ENSG00000126787, ENSG00000129195, ENSG00000131153, ENSG00000131747, ENSG00000132646, ENSG00000134057, ENSG00000134690, ENSG00000135451, ENSG00000135476, ENSG00000137310, ENSG00000137804, ENSG00000137807, ENSG00000137812, ENSG00000138092, ENSG00000138160, ENSG00000138180, ENSG00000138778, ENSG00000140525, ENSG00000142731, ENSG00000142945, ENSG00000143228, ENSG00000143476, ENSG00000144554, ENSG00000145386, ENSG00000146670, ENSG00000146918, ENSG00000148773, ENSG00000149554, ENSG00000151725, ENSG00000152253, ENSG00000156802, ENSG00000156970, ENSG00000157456, ENSG00000161888, ENSG00000163507, ENSG00000163535, ENSG00000163808, ENSG00000164104, ENSG00000164109, ENSG00000164611, ENSG00000165244, ENSG00000165304, ENSG00000165480, ENSG00000165891, ENSG00000166483, ENSG00000166803, ENSG00000166881, ENSG00000167513, ENSG00000167900, ENSG00000168078, ENSG00000169607, ENSG00000169679, ENSG00000170312, ENSG00000171241, ENSG00000171848, ENSG00000173207, ENSG00000175063, ENSG00000176890, ENSG00000178295, ENSG00000178999, ENSG00000183856, ENSG00000184445, ENSG00000184661, ENSG00000186185, ENSG00000186638, ENSG00000188486, ENSG00000189057, ENSG00000198901, ENSG00000237649"
"M11","tan_Tylee__DATA/modules_allStudies.csv","User",1.83855404251373e-125,80,"ENSG00000011426, ENSG00000024526, ENSG00000035499, ENSG00000065328, ENSG00000066279, ENSG00000071539, ENSG00000072571, ENSG00000073111, ENSG00000076382, ENSG00000077152, ENSG00000080986, ENSG00000085999, ENSG00000087586, ENSG00000088325, ENSG00000089685, ENSG00000090889, ENSG00000093009, ENSG00000094804, ENSG00000100526, ENSG00000101447, ENSG00000104147, ENSG00000104738, ENSG00000109805, ENSG00000111247, ENSG00000111665, ENSG00000112742, ENSG00000112984, ENSG00000114346, ENSG00000115163, ENSG00000117399, ENSG00000117650, ENSG00000117724, ENSG00000122952, ENSG00000123473, ENSG00000123485, ENSG00000126787, ENSG00000131153, ENSG00000131747, ENSG00000134057, ENSG00000134690, ENSG00000135451, ENSG00000137310, ENSG00000137804, ENSG00000137807, ENSG00000138160, ENSG00000138180, ENSG00000138778, ENSG00000142731, ENSG00000142945, ENSG00000143228, ENSG00000143476, ENSG00000145386, ENSG00000146670, ENSG00000148773, ENSG00000149554, ENSG00000151725, ENSG00000152253, ENSG00000156970, ENSG00000157456, ENSG00000161888, ENSG00000163808, ENSG00000164109, ENSG00000165304, ENSG00000165480, ENSG00000165891, ENSG00000166451, ENSG00000166483, ENSG00000167513, ENSG00000167900, ENSG00000168078, ENSG00000169679, ENSG00000170312, ENSG00000171241, ENSG00000171848, ENSG00000176890, ENSG00000178999, ENSG00000184661, ENSG00000188486, ENSG00000198901, ENSG00000237649"
"M4","M18_Parikshak2013__DATA/modules_allStudies.csv","User",2.46159090062642e-101,111,"ENSG00000005243, ENSG00000011465, ENSG00000020181, ENSG00000050555, ENSG00000064989, ENSG00000071967, ENSG00000077943, ENSG00000087303, ENSG00000091136, ENSG00000091986, ENSG00000100097, ENSG00000100196, ENSG00000101825, ENSG00000102362, ENSG00000103485, ENSG00000106080, ENSG00000106333, ENSG00000106809, ENSG00000106819, ENSG00000107562, ENSG00000107731, ENSG00000108821, ENSG00000110108, ENSG00000111145, ENSG00000111799, ENSG00000112769, ENSG00000113140, ENSG00000113721, ENSG00000115414, ENSG00000116132, ENSG00000116962, ENSG00000117318, ENSG00000120332, ENSG00000120708, ENSG00000120820, ENSG00000121039, ENSG00000122691, ENSG00000122707, ENSG00000122870, ENSG00000123243, ENSG00000124749, ENSG00000125378, ENSG00000125845, ENSG00000125968, ENSG00000126785, ENSG00000127528, ENSG00000129009, ENSG00000130600, ENSG00000130635, ENSG00000132854, ENSG00000133110, ENSG00000134013, ENSG00000134954, ENSG00000135046, ENSG00000135111, ENSG00000135535, ENSG00000135862, ENSG00000137809, ENSG00000137868, ENSG00000137962, ENSG00000138061, ENSG00000138080, ENSG00000138735, ENSG00000138795, ENSG00000139329, ENSG00000139926, ENSG00000142173, ENSG00000142694, ENSG00000142798, ENSG00000143341, ENSG00000143369, ENSG00000143867, ENSG00000144824, ENSG00000147257, ENSG00000148848, ENSG00000149257, ENSG00000149451, ENSG00000151617, ENSG00000151655, ENSG00000154856, ENSG00000154864, ENSG00000157227, ENSG00000162733, ENSG00000163359, ENSG00000163513, ENSG00000164294, ENSG00000164692, ENSG00000166147, ENSG00000166292, ENSG00000167244, ENSG00000167617, ENSG00000168542, ENSG00000168938, ENSG00000169071, ENSG00000169439, ENSG00000172986, ENSG00000173068, ENSG00000174807, ENSG00000181458, ENSG00000182158, ENSG00000182492, ENSG00000184232, ENSG00000185483, ENSG00000189129, ENSG00000189184, ENSG00000196569, ENSG00000197256, ENSG00000198682, ENSG00000204262, ENSG00000237172, ENSG00000249307"
"M11","turquoise_Mariani__DATA/modules_allStudies.csv","User",9.79566304405683e-75,125,"ENSG00000012048, ENSG00000013810, ENSG00000024526, ENSG00000035499, ENSG00000065328, ENSG00000066279, ENSG00000071539, ENSG00000072571, ENSG00000073111, ENSG00000075218, ENSG00000075702, ENSG00000076382, ENSG00000077152, ENSG00000079616, ENSG00000080986, ENSG00000085999, ENSG00000088325, ENSG00000089685, ENSG00000090889, ENSG00000091651, ENSG00000092853, ENSG00000093009, ENSG00000094804, ENSG00000100526, ENSG00000101057, ENSG00000101412, ENSG00000102384, ENSG00000104147, ENSG00000104738, ENSG00000104889, ENSG00000105011, ENSG00000105486, ENSG00000109805, ENSG00000111206, ENSG00000111247, ENSG00000111445, ENSG00000111602, ENSG00000111665, ENSG00000112029, ENSG00000112742, ENSG00000112984, ENSG00000113810, ENSG00000114346, ENSG00000115163, ENSG00000117399, ENSG00000117650, ENSG00000117724, ENSG00000121152, ENSG00000122952, ENSG00000123219, ENSG00000123473, ENSG00000123485, ENSG00000126787, ENSG00000131153, ENSG00000131747, ENSG00000132646, ENSG00000133119, ENSG00000134057, ENSG00000134690, ENSG00000135451, ENSG00000135476, ENSG00000136824, ENSG00000137804, ENSG00000137807, ENSG00000138092, ENSG00000138160, ENSG00000138180, ENSG00000138182, ENSG00000138778, ENSG00000140525, ENSG00000142731, ENSG00000142945, ENSG00000143228, ENSG00000143476, ENSG00000143815, ENSG00000144554, ENSG00000145386, ENSG00000146670, ENSG00000146918, ENSG00000148019, ENSG00000148773, ENSG00000149554, ENSG00000149636, ENSG00000151503, ENSG00000152253, ENSG00000153044, ENSG00000156802, ENSG00000156970, ENSG00000157456, ENSG00000160298, ENSG00000160957, ENSG00000161888, ENSG00000163808, ENSG00000164104, ENSG00000164109, ENSG00000164611, ENSG00000165244, ENSG00000165304, ENSG00000165480, ENSG00000165891, ENSG00000166451, ENSG00000167325, ENSG00000168078, ENSG00000169607, ENSG00000169679, ENSG00000170312, ENSG00000171848, ENSG00000173207, ENSG00000175063, ENSG00000178295, ENSG00000178999, ENSG00000183856, ENSG00000184445, ENSG00000184635, ENSG00000184661, ENSG00000184831, ENSG00000186185, ENSG00000187741, ENSG00000188486, ENSG00000189057, ENSG00000196584, ENSG00000198826, ENSG00000198901, ENSG00000221829, ENSG00000237649"
"M1","brown_Mariani__DATA/modules_allStudies.csv","User",9.31847353701463e-49,145,"ENSG00000008056, ENSG00000010404, ENSG00000011347, ENSG00000019505, ENSG00000049759, ENSG00000054356, ENSG00000058404, ENSG00000059915, ENSG00000067842, ENSG00000073910, ENSG00000074317, ENSG00000076864, ENSG00000084764, ENSG00000086300, ENSG00000089057, ENSG00000099365, ENSG00000100321, ENSG00000100678, ENSG00000101098, ENSG00000101298, ENSG00000102003, ENSG00000103056, ENSG00000104863, ENSG00000105409, ENSG00000105649, ENSG00000106089, ENSG00000106123, ENSG00000107130, ENSG00000107518, ENSG00000108176, ENSG00000108960, ENSG00000109107, ENSG00000110076, ENSG00000110171, ENSG00000110786, ENSG00000112305, ENSG00000113327, ENSG00000116254, ENSG00000116544, ENSG00000116983, ENSG00000119640, ENSG00000124140, ENSG00000125510, ENSG00000125966, ENSG00000126733, ENSG00000128011, ENSG00000128872, ENSG00000129355, ENSG00000130477, ENSG00000130558, ENSG00000130643, ENSG00000132879, ENSG00000135439, ENSG00000135454, ENSG00000135709, ENSG00000136828, ENSG00000137267, ENSG00000139182, ENSG00000139505, ENSG00000139910, ENSG00000139973, ENSG00000140323, ENSG00000140600, ENSG00000144290, ENSG00000144711, ENSG00000145198, ENSG00000145242, ENSG00000145335, ENSG00000145362, ENSG00000146005, ENSG00000148408, ENSG00000151079, ENSG00000152954, ENSG00000152969, ENSG00000153558, ENSG00000153820, ENSG00000153823, ENSG00000154118, ENSG00000154162, ENSG00000154917, ENSG00000155093, ENSG00000155265, ENSG00000156959, ENSG00000157087, ENSG00000157445, ENSG00000158806, ENSG00000158828, ENSG00000160233, ENSG00000160460, ENSG00000162065, ENSG00000162545, ENSG00000163013, ENSG00000163864, ENSG00000163888, ENSG00000163995, ENSG00000164197, ENSG00000165943, ENSG00000166257, ENSG00000166448, ENSG00000166862, ENSG00000166897, ENSG00000167281, ENSG00000167536, ENSG00000167971, ENSG00000168843, ENSG00000168993, ENSG00000169155, ENSG00000169213, ENSG00000171450, ENSG00000171817, ENSG00000172348, ENSG00000172350, ENSG00000173166, ENSG00000173175, ENSG00000173208, ENSG00000174306, ENSG00000174460, ENSG00000174521, ENSG00000174938, ENSG00000177272, ENSG00000177301, ENSG00000178301, ENSG00000180155, ENSG00000182870, ENSG00000183317, ENSG00000184515, ENSG00000185272, ENSG00000185519, ENSG00000186479, ENSG00000186487, ENSG00000187135, ENSG00000187231, ENSG00000188385, ENSG00000188613, ENSG00000197380, ENSG00000197558, ENSG00000198133, ENSG00000198216, ENSG00000198739, ENSG00000198794, ENSG00000198934, ENSG00000203772, ENSG00000204681, ENSG00000221946, ENSG00000243902"
"M11","M22_DeRosa35__DATA/modules_allStudies.csv","User",9.57811919492465e-39,43,"ENSG00000007968, ENSG00000013810, ENSG00000075218, ENSG00000075702, ENSG00000079616, ENSG00000080839, ENSG00000088325, ENSG00000090889, ENSG00000101412, ENSG00000101447, ENSG00000104147, ENSG00000105011, ENSG00000111206, ENSG00000111602, ENSG00000111665, ENSG00000115163, ENSG00000117399, ENSG00000117650, ENSG00000129195, ENSG00000130164, ENSG00000131747, ENSG00000134690, ENSG00000135451, ENSG00000135476, ENSG00000137804, ENSG00000143228, ENSG00000143815, ENSG00000144554, ENSG00000148773, ENSG00000152253, ENSG00000161888, ENSG00000164104, ENSG00000164611, ENSG00000168078, ENSG00000173207, ENSG00000175643, ENSG00000178999, ENSG00000183856, ENSG00000186185, ENSG00000187741, ENSG00000198830, ENSG00000221829, ENSG00000237649"
"M9","brown_Tylee__DATA/modules_allStudies.csv","User",1.44340308297785e-34,71,"ENSG00000011260, ENSG00000055044, ENSG00000088766, ENSG00000089048, ENSG00000090612, ENSG00000101132, ENSG00000102390, ENSG00000104131, ENSG00000105185, ENSG00000106028, ENSG00000111196, ENSG00000111639, ENSG00000111845, ENSG00000111875, ENSG00000112081, ENSG00000114686, ENSG00000115128, ENSG00000115541, ENSG00000115750, ENSG00000115816, ENSG00000115946, ENSG00000116791, ENSG00000117906, ENSG00000119705, ENSG00000124380, ENSG00000125351, ENSG00000125870, ENSG00000132432, ENSG00000132603, ENSG00000134248, ENSG00000134697, ENSG00000136518, ENSG00000136522, ENSG00000136897, ENSG00000137547, ENSG00000137692, ENSG00000137876, ENSG00000138385, ENSG00000139168, ENSG00000140307, ENSG00000147419, ENSG00000147669, ENSG00000150779, ENSG00000152240, ENSG00000153015, ENSG00000155115, ENSG00000155438, ENSG00000156831, ENSG00000159055, ENSG00000160124, ENSG00000162623, ENSG00000162813, ENSG00000164182, ENSG00000164258, ENSG00000164934, ENSG00000165506, ENSG00000166200, ENSG00000166226, ENSG00000169251, ENSG00000169288, ENSG00000170791, ENSG00000171202, ENSG00000172172, ENSG00000174173, ENSG00000174446, ENSG00000180817, ENSG00000181610, ENSG00000182004, ENSG00000197498, ENSG00000198015, ENSG00000198860"
"M4","purple_Mariani__DATA/modules_allStudies.csv","User",2.68454065680393e-33,60,"ENSG00000005243, ENSG00000011465, ENSG00000014914, ENSG00000031081, ENSG00000069431, ENSG00000071967, ENSG00000072682, ENSG00000077942, ENSG00000084636, ENSG00000101825, ENSG00000104213, ENSG00000106080, ENSG00000107731, ENSG00000108821, ENSG00000111799, ENSG00000112769, ENSG00000113083, ENSG00000115461, ENSG00000118855, ENSG00000119699, ENSG00000120708, ENSG00000121039, ENSG00000122870, ENSG00000123243, ENSG00000124749, ENSG00000126785, ENSG00000128606, ENSG00000129009, ENSG00000130635, ENSG00000136240, ENSG00000137809, ENSG00000137868, ENSG00000138061, ENSG00000138080, ENSG00000139329, ENSG00000143867, ENSG00000148848, ENSG00000148935, ENSG00000151617, ENSG00000151655, ENSG00000156076, ENSG00000157227, ENSG00000157613, ENSG00000163513, ENSG00000164692, ENSG00000166292, ENSG00000166482, ENSG00000168542, ENSG00000169855, ENSG00000172986, ENSG00000174807, ENSG00000176971, ENSG00000177374, ENSG00000178695, ENSG00000181195, ENSG00000182179, ENSG00000182492, ENSG00000189129, ENSG00000197712, ENSG00000237172"
"M2","brown_Mariani__DATA/modules_allStudies.csv","User",6.59956122537543e-33,111,"ENSG00000003987, ENSG00000005249, ENSG00000005810, ENSG00000008277, ENSG00000011677, ENSG00000029534, ENSG00000036530, ENSG00000065609, ENSG00000066933, ENSG00000067715, ENSG00000068615, ENSG00000071575, ENSG00000073464, ENSG00000074211, ENSG00000075945, ENSG00000077157, ENSG00000079841, ENSG00000087258, ENSG00000088367, ENSG00000091844, ENSG00000101745, ENSG00000102452, ENSG00000105784, ENSG00000109771, ENSG00000109832, ENSG00000117480, ENSG00000118473, ENSG00000119283, ENSG00000119865, ENSG00000120137, ENSG00000120251, ENSG00000121871, ENSG00000122012, ENSG00000122873, ENSG00000125814, ENSG00000131018, ENSG00000131437, ENSG00000133985, ENSG00000134982, ENSG00000135472, ENSG00000136531, ENSG00000136854, ENSG00000137478, ENSG00000137941, ENSG00000138769, ENSG00000139220, ENSG00000139970, ENSG00000143469, ENSG00000143669, ENSG00000144285, ENSG00000144369, ENSG00000144583, ENSG00000145545, ENSG00000145990, ENSG00000148660, ENSG00000148943, ENSG00000150361, ENSG00000151150, ENSG00000151692, ENSG00000152495, ENSG00000152932, ENSG00000153253, ENSG00000153814, ENSG00000154027, ENSG00000155744, ENSG00000155858, ENSG00000156298, ENSG00000156486, ENSG00000157064, ENSG00000158560, ENSG00000159164, ENSG00000163630, ENSG00000164398, ENSG00000164742, ENSG00000165434, ENSG00000166111, ENSG00000166501, ENSG00000166974, ENSG00000168959, ENSG00000170396, ENSG00000170873, ENSG00000171435, ENSG00000171587, ENSG00000172209, ENSG00000172915, ENSG00000175161, ENSG00000176595, ENSG00000176884, ENSG00000177570, ENSG00000178235, ENSG00000179542, ENSG00000179796, ENSG00000179915, ENSG00000182674, ENSG00000183023, ENSG00000183166, ENSG00000184258, ENSG00000184672, ENSG00000185737, ENSG00000186106, ENSG00000186868, ENSG00000187416, ENSG00000188394, ENSG00000197535, ENSG00000198648, ENSG00000198673, ENSG00000198689, ENSG00000198932, ENSG00000204442, ENSG00000240891, ENSG00000273079"
"M1","mod1_Gupta__DATA/modules_allStudies.csv","User",6.61482468251637e-31,158,"ENSG00000006047, ENSG00000006071, ENSG00000010818, ENSG00000011347, ENSG00000050748, ENSG00000058404, ENSG00000059915, ENSG00000067057, ENSG00000067842, ENSG00000068831, ENSG00000069966, ENSG00000072071, ENSG00000073150, ENSG00000074317, ENSG00000075035, ENSG00000075340, ENSG00000077080, ENSG00000084764, ENSG00000088808, ENSG00000089220, ENSG00000089847, ENSG00000097021, ENSG00000099365, ENSG00000099822, ENSG00000100604, ENSG00000101210, ENSG00000101333, ENSG00000102003, ENSG00000103723, ENSG00000104863, ENSG00000105278, ENSG00000105613, ENSG00000105649, ENSG00000106123, ENSG00000107518, ENSG00000110171, ENSG00000110675, ENSG00000110786, ENSG00000111674, ENSG00000112759, ENSG00000113327, ENSG00000116254, ENSG00000119227, ENSG00000119640, ENSG00000122574, ENSG00000123360, ENSG00000124140, ENSG00000125510, ENSG00000125848, ENSG00000125895, ENSG00000126217, ENSG00000127561, ENSG00000129990, ENSG00000130477, ENSG00000130643, ENSG00000131398, ENSG00000132879, ENSG00000135423, ENSG00000135454, ENSG00000135631, ENSG00000135740, ENSG00000136828, ENSG00000137218, ENSG00000138028, ENSG00000138030, ENSG00000138623, ENSG00000139190, ENSG00000139505, ENSG00000141750, ENSG00000142549, ENSG00000144711, ENSG00000145242, ENSG00000145911, ENSG00000149575, ENSG00000149926, ENSG00000152061, ENSG00000152969, ENSG00000154118, ENSG00000155265, ENSG00000157087, ENSG00000157782, ENSG00000158089, ENSG00000158445, ENSG00000158555, ENSG00000158806, ENSG00000158828, ENSG00000159753, ENSG00000160460, ENSG00000161381, ENSG00000162374, ENSG00000162545, ENSG00000163449, ENSG00000163577, ENSG00000163704, ENSG00000163888, ENSG00000163995, ENSG00000165868, ENSG00000165943, ENSG00000166862, ENSG00000167281, ENSG00000167371, ENSG00000167549, ENSG00000167619, ENSG00000168067, ENSG00000168993, ENSG00000169258, ENSG00000169744, ENSG00000171132, ENSG00000171450, ENSG00000172247, ENSG00000172348, ENSG00000172350, ENSG00000172889, ENSG00000173166, ENSG00000174521, ENSG00000174938, ENSG00000177301, ENSG00000177875, ENSG00000178171, ENSG00000178947, ENSG00000180155, ENSG00000182870, ENSG00000183060, ENSG00000183317, ENSG00000184922, ENSG00000185567, ENSG00000186487, ENSG00000186594, ENSG00000186862, ENSG00000187486, ENSG00000196867, ENSG00000196876, ENSG00000196972, ENSG00000197444, ENSG00000198739, ENSG00000198794, ENSG00000198934, ENSG00000204851, ENSG00000205363, ENSG00000212864, ENSG00000213023, ENSG00000214135, ENSG00000221946, ENSG00000223572, ENSG00000225439, ENSG00000228594, ENSG00000235477, ENSG00000237289, ENSG00000240204, ENSG00000240694, ENSG00000254377, ENSG00000260837, ENSG00000260931, ENSG00000260987, ENSG00000261355, ENSG00000261675, ENSG00000267750, ENSG00000269290"
"M19","mod4_Gupta__DATA/modules_allStudies.csv","User",2.33722128454152e-27,42,"ENSG00000005075, ENSG00000101182, ENSG00000106803, ENSG00000109475, ENSG00000110700, ENSG00000112306, ENSG00000114391, ENSG00000118181, ENSG00000122406, ENSG00000130255, ENSG00000137970, ENSG00000139343, ENSG00000142507, ENSG00000143947, ENSG00000144381, ENSG00000145494, ENSG00000148303, ENSG00000149273, ENSG00000156482, ENSG00000161016, ENSG00000164587, ENSG00000165502, ENSG00000171858, ENSG00000177954, ENSG00000180992, ENSG00000182899, ENSG00000184857, ENSG00000197982, ENSG00000198242, ENSG00000198618, ENSG00000198918, ENSG00000213442, ENSG00000213741, ENSG00000231500, ENSG00000232573, ENSG00000234741, ENSG00000234797, ENSG00000235174, ENSG00000235552, ENSG00000236552, ENSG00000242071, ENSG00000244398"
"M19","21_Parikshak2016__DATA/modules_allStudies.csv","User",2.68718639002298e-27,24,"ENSG00000106803, ENSG00000109475, ENSG00000110700, ENSG00000112306, ENSG00000114391, ENSG00000118181, ENSG00000130255, ENSG00000143947, ENSG00000156482, ENSG00000161016, ENSG00000163682, ENSG00000164587, ENSG00000171858, ENSG00000175061, ENSG00000177954, ENSG00000196205, ENSG00000198918, ENSG00000212802, ENSG00000213741, ENSG00000220842, ENSG00000229117, ENSG00000231500, ENSG00000234797, ENSG00000236552"
"M19","M14_Parikshak2013__DATA/modules_allStudies.csv","User",2.82756308141311e-27,37,"ENSG00000106803, ENSG00000109475, ENSG00000110700, ENSG00000112306, ENSG00000114391, ENSG00000118181, ENSG00000122406, ENSG00000130255, ENSG00000136930, ENSG00000137970, ENSG00000143947, ENSG00000148303, ENSG00000149273, ENSG00000156482, ENSG00000161016, ENSG00000163319, ENSG00000164587, ENSG00000171858, ENSG00000175061, ENSG00000177954, ENSG00000182899, ENSG00000184840, ENSG00000197265, ENSG00000198242, ENSG00000198918, ENSG00000212802, ENSG00000213442, ENSG00000213741, ENSG00000231500, ENSG00000232573, ENSG00000234741, ENSG00000234797, ENSG00000235174, ENSG00000235552, ENSG00000236552, ENSG00000242071, ENSG00000244398"
"M4","royalblue_Mariani__DATA/modules_allStudies.csv","User",1.88869061272935e-24,29,"ENSG00000077943, ENSG00000088756, ENSG00000091986, ENSG00000106333, ENSG00000111817, ENSG00000112655, ENSG00000113721, ENSG00000116132, ENSG00000119777, ENSG00000120332, ENSG00000120820, ENSG00000122707, ENSG00000133110, ENSG00000134853, ENSG00000135916, ENSG00000140937, ENSG00000141756, ENSG00000144824, ENSG00000150961, ENSG00000162733, ENSG00000163430, ENSG00000165124, ENSG00000166025, ENSG00000166147, ENSG00000169071, ENSG00000173068, ENSG00000185624, ENSG00000197321, ENSG00000204262"
"M1","CD1_Gandal__DATA/modules_allStudies.csv","User",2.6671573163721e-22,118,"ENSG00000006071, ENSG00000008056, ENSG00000008735, ENSG00000049759, ENSG00000054356, ENSG00000058404, ENSG00000059915, ENSG00000067606, ENSG00000067842, ENSG00000068831, ENSG00000069424, ENSG00000072062, ENSG00000073670, ENSG00000074317, ENSG00000075340, ENSG00000076864, ENSG00000084764, ENSG00000088808, ENSG00000089057, ENSG00000089220, ENSG00000095203, ENSG00000099814, ENSG00000099822, ENSG00000100321, ENSG00000101210, ENSG00000102003, ENSG00000103034, ENSG00000103056, ENSG00000103154, ENSG00000103723, ENSG00000104833, ENSG00000104863, ENSG00000105409, ENSG00000105520, ENSG00000105613, ENSG00000105642, ENSG00000105649, ENSG00000106089, ENSG00000106123, ENSG00000106327, ENSG00000106976, ENSG00000107130, ENSG00000110076, ENSG00000110171, ENSG00000112759, ENSG00000116254, ENSG00000116396, ENSG00000116661, ENSG00000116852, ENSG00000116983, ENSG00000119227, ENSG00000123360, ENSG00000123643, ENSG00000124140, ENSG00000124507, ENSG00000125510, ENSG00000126217, ENSG00000127561, ENSG00000128268, ENSG00000129159, ENSG00000129355, ENSG00000129990, ENSG00000130477, ENSG00000130643, ENSG00000130813, ENSG00000134775, ENSG00000135127, ENSG00000135447, ENSG00000135454, ENSG00000135622, ENSG00000135631, ENSG00000135709, ENSG00000138028, ENSG00000139182, ENSG00000144711, ENSG00000148408, ENSG00000149927, ENSG00000153823, ENSG00000154118, ENSG00000154917, ENSG00000155093, ENSG00000157087, ENSG00000157152, ENSG00000157782, ENSG00000158089, ENSG00000158445, ENSG00000158555, ENSG00000158828, ENSG00000158856, ENSG00000159128, ENSG00000160209, ENSG00000160460, ENSG00000161381, ENSG00000162545, ENSG00000162706, ENSG00000164715, ENSG00000166257, ENSG00000166862, ENSG00000167964, ENSG00000171450, ENSG00000171608, ENSG00000172350, ENSG00000172889, ENSG00000173267, ENSG00000174938, ENSG00000175115, ENSG00000184156, ENSG00000184916, ENSG00000184922, ENSG00000186642, ENSG00000197444, ENSG00000198216, ENSG00000198794, ENSG00000198910, ENSG00000204681, ENSG00000212864, ENSG00000237289, ENSG00000242173"
"M1","M17_Parikshak2013__DATA/modules_allStudies.csv","User",1.78888334795455e-20,87,"ENSG00000006047, ENSG00000040731, ENSG00000058404, ENSG00000059915, ENSG00000067057, ENSG00000071073, ENSG00000072062, ENSG00000073150, ENSG00000073670, ENSG00000073803, ENSG00000073910, ENSG00000088808, ENSG00000089177, ENSG00000089847, ENSG00000099814, ENSG00000101098, ENSG00000101180, ENSG00000104833, ENSG00000106089, ENSG00000106123, ENSG00000106327, ENSG00000107679, ENSG00000108960, ENSG00000109436, ENSG00000110400, ENSG00000112759, ENSG00000116254, ENSG00000116396, ENSG00000116544, ENSG00000119227, ENSG00000121900, ENSG00000127252, ENSG00000127561, ENSG00000129990, ENSG00000130477, ENSG00000130643, ENSG00000130813, ENSG00000130822, ENSG00000131242, ENSG00000131398, ENSG00000132359, ENSG00000132879, ENSG00000135439, ENSG00000135709, ENSG00000135740, ENSG00000138028, ENSG00000140600, ENSG00000145335, ENSG00000145362, ENSG00000145911, ENSG00000149927, ENSG00000152969, ENSG00000153291, ENSG00000153823, ENSG00000157087, ENSG00000158458, ENSG00000158806, ENSG00000158828, ENSG00000159753, ENSG00000161243, ENSG00000162434, ENSG00000163888, ENSG00000166405, ENSG00000167103, ENSG00000167971, ENSG00000171798, ENSG00000171817, ENSG00000172350, ENSG00000178773, ENSG00000181790, ENSG00000181982, ENSG00000183060, ENSG00000183317, ENSG00000184515, ENSG00000185052, ENSG00000186594, ENSG00000186642, ENSG00000187135, ENSG00000197927, ENSG00000203772, ENSG00000204128, ENSG00000221946, ENSG00000221968, ENSG00000227719, ENSG00000232434, ENSG00000237289, ENSG00000239467"
"M4","CD12_Gandal__DATA/modules_allStudies.csv","User",3.52556332408403e-19,23,"ENSG00000011465, ENSG00000020181, ENSG00000077943, ENSG00000106809, ENSG00000106819, ENSG00000107562, ENSG00000115414, ENSG00000120708, ENSG00000123243, ENSG00000124212, ENSG00000127528, ENSG00000128606, ENSG00000138061, ENSG00000151617, ENSG00000151655, ENSG00000163359, ENSG00000164692, ENSG00000166482, ENSG00000167244, ENSG00000168542, ENSG00000182492, ENSG00000197256, ENSG00000197321"
"M5","M12_Parikshak2013__DATA/modules_allStudies.csv","User",8.83367071572219e-18,45,"ENSG00000006025, ENSG00000064547, ENSG00000072778, ENSG00000073169, ENSG00000077454, ENSG00000095383, ENSG00000100650, ENSG00000102901, ENSG00000104936, ENSG00000105519, ENSG00000112511, ENSG00000114270, ENSG00000126790, ENSG00000127419, ENSG00000140400, ENSG00000140983, ENSG00000144214, ENSG00000162148, ENSG00000162572, ENSG00000167615, ENSG00000168970, ENSG00000169231, ENSG00000179698, ENSG00000183458, ENSG00000185189, ENSG00000185324, ENSG00000196547, ENSG00000198026, ENSG00000198625, ENSG00000204149, ENSG00000204839, ENSG00000212694, ENSG00000213199, ENSG00000214021, ENSG00000215788, ENSG00000223705, ENSG00000223959, ENSG00000225828, ENSG00000234409, ENSG00000240731, ENSG00000242798, ENSG00000243679, ENSG00000244560, ENSG00000258559, ENSG00000259715"
"M4","grey_Tylee__DATA/modules_allStudies.csv","User",9.59327791395195e-17,152,"ENSG00000005243, ENSG00000011465, ENSG00000019549, ENSG00000031081, ENSG00000064989, ENSG00000072682, ENSG00000077943, ENSG00000085741, ENSG00000087303, ENSG00000089199, ENSG00000091136, ENSG00000091986, ENSG00000092758, ENSG00000095713, ENSG00000099810, ENSG00000101489, ENSG00000101825, ENSG00000103485, ENSG00000104213, ENSG00000106080, ENSG00000106483, ENSG00000106809, ENSG00000106819, ENSG00000107562, ENSG00000108684, ENSG00000109472, ENSG00000111799, ENSG00000112655, ENSG00000113658, ENSG00000113721, ENSG00000115461, ENSG00000115884, ENSG00000116132, ENSG00000116525, ENSG00000116962, ENSG00000120332, ENSG00000120658, ENSG00000120693, ENSG00000121039, ENSG00000121440, ENSG00000122592, ENSG00000122691, ENSG00000122870, ENSG00000123901, ENSG00000124749, ENSG00000124785, ENSG00000125378, ENSG00000125844, ENSG00000125845, ENSG00000125968, ENSG00000126767, ENSG00000126785, ENSG00000127528, ENSG00000128606, ENSG00000129009, ENSG00000130203, ENSG00000130635, ENSG00000131831, ENSG00000132854, ENSG00000133110, ENSG00000134013, ENSG00000134533, ENSG00000135063, ENSG00000135111, ENSG00000136240, ENSG00000137809, ENSG00000137868, ENSG00000137962, ENSG00000138080, ENSG00000138735, ENSG00000138829, ENSG00000139329, ENSG00000139926, ENSG00000140937, ENSG00000141756, ENSG00000142149, ENSG00000142173, ENSG00000142303, ENSG00000143369, ENSG00000143867, ENSG00000144057, ENSG00000144668, ENSG00000144824, ENSG00000145920, ENSG00000146122, ENSG00000147257, ENSG00000148848, ENSG00000148935, ENSG00000149257, ENSG00000149633, ENSG00000149948, ENSG00000151572, ENSG00000151655, ENSG00000154645, ENSG00000154856, ENSG00000154864, ENSG00000156076, ENSG00000156395, ENSG00000156735, ENSG00000157227, ENSG00000157240, ENSG00000157502, ENSG00000162733, ENSG00000162878, ENSG00000163359, ENSG00000163430, ENSG00000164692, ENSG00000165124, ENSG00000165424, ENSG00000166025, ENSG00000167601, ENSG00000168646, ENSG00000168938, ENSG00000169071, ENSG00000169105, ENSG00000169174, ENSG00000169439, ENSG00000169855, ENSG00000169946, ENSG00000170624, ENSG00000171451, ENSG00000171956, ENSG00000172986, ENSG00000174807, ENSG00000176142, ENSG00000176204, ENSG00000176490, ENSG00000176971, ENSG00000177374, ENSG00000177951, ENSG00000180447, ENSG00000180730, ENSG00000181195, ENSG00000181458, ENSG00000182158, ENSG00000182492, ENSG00000183098, ENSG00000183287, ENSG00000183798, ENSG00000184867, ENSG00000185483, ENSG00000189129, ENSG00000189184, ENSG00000196569, ENSG00000197256, ENSG00000197467, ENSG00000197712, ENSG00000198682, ENSG00000204262, ENSG00000223749, ENSG00000237172, ENSG00000253304"
"M2","mod1_Gupta__DATA/modules_allStudies.csv","User",2.93337441311633e-16,114,"ENSG00000005249, ENSG00000008277, ENSG00000029534, ENSG00000051382, ENSG00000065609, ENSG00000067715, ENSG00000068615, ENSG00000069712, ENSG00000074211, ENSG00000075303, ENSG00000075945, ENSG00000078053, ENSG00000081026, ENSG00000091157, ENSG00000101349, ENSG00000102144, ENSG00000102678, ENSG00000104154, ENSG00000104435, ENSG00000105143, ENSG00000105220, ENSG00000106537, ENSG00000106688, ENSG00000111490, ENSG00000112293, ENSG00000113161, ENSG00000114948, ENSG00000115840, ENSG00000116750, ENSG00000117598, ENSG00000118402, ENSG00000119946, ENSG00000123684, ENSG00000123983, ENSG00000125675, ENSG00000125814, ENSG00000126950, ENSG00000131437, ENSG00000132639, ENSG00000132975, ENSG00000134709, ENSG00000135002, ENSG00000135750, ENSG00000136928, ENSG00000138078, ENSG00000141837, ENSG00000144285, ENSG00000144406, ENSG00000144583, ENSG00000145864, ENSG00000146151, ENSG00000146267, ENSG00000146950, ENSG00000148660, ENSG00000148798, ENSG00000148948, ENSG00000151150, ENSG00000151229, ENSG00000151948, ENSG00000152495, ENSG00000156475, ENSG00000156486, ENSG00000158008, ENSG00000158301, ENSG00000159164, ENSG00000160326, ENSG00000160753, ENSG00000162929, ENSG00000163032, ENSG00000164211, ENSG00000164742, ENSG00000164951, ENSG00000165704, ENSG00000165973, ENSG00000166111, ENSG00000168546, ENSG00000168824, ENSG00000169282, ENSG00000170396, ENSG00000172915, ENSG00000174469, ENSG00000176884, ENSG00000177181, ENSG00000178662, ENSG00000179542, ENSG00000183023, ENSG00000184349, ENSG00000184408, ENSG00000184524, ENSG00000184992, ENSG00000185742, ENSG00000185813, ENSG00000186106, ENSG00000186310, ENSG00000186462, ENSG00000188191, ENSG00000197535, ENSG00000197959, ENSG00000198648, ENSG00000198689, ENSG00000198932, ENSG00000198961, ENSG00000204442, ENSG00000204789, ENSG00000204856, ENSG00000213760, ENSG00000215196, ENSG00000226711, ENSG00000228794, ENSG00000253230, ENSG00000257151, ENSG00000259168, ENSG00000260006, ENSG00000260230"
"M1","M19_DeRosa35__DATA/modules_allStudies.csv","User",1.37434987906087e-15,36,"ENSG00000054356, ENSG00000076864, ENSG00000101333, ENSG00000104833, ENSG00000110675, ENSG00000110786, ENSG00000124194, ENSG00000125895, ENSG00000128011, ENSG00000130643, ENSG00000131242, ENSG00000135144, ENSG00000135454, ENSG00000138623, ENSG00000145242, ENSG00000148408, ENSG00000153823, ENSG00000154447, ENSG00000155265, ENSG00000156959, ENSG00000157087, ENSG00000158806, ENSG00000160460, ENSG00000161647, ENSG00000166405, ENSG00000168843, ENSG00000171303, ENSG00000174521, ENSG00000183317, ENSG00000185615, ENSG00000186231, ENSG00000186487, ENSG00000198133, ENSG00000204128, ENSG00000221946, ENSG00000242173"
"M1","mod2_Gupta__DATA/modules_allStudies.csv","User",6.09095170747761e-15,115,"ENSG00000004777, ENSG00000005379, ENSG00000008056, ENSG00000008735, ENSG00000010404, ENSG00000018236, ENSG00000040731, ENSG00000054356, ENSG00000067606, ENSG00000069424, ENSG00000072062, ENSG00000073670, ENSG00000073910, ENSG00000076864, ENSG00000089057, ENSG00000099308, ENSG00000099814, ENSG00000100321, ENSG00000100678, ENSG00000101204, ENSG00000101298, ENSG00000103034, ENSG00000103056, ENSG00000105409, ENSG00000106089, ENSG00000106976, ENSG00000107130, ENSG00000109436, ENSG00000110076, ENSG00000110400, ENSG00000110427, ENSG00000112796, ENSG00000116544, ENSG00000116675, ENSG00000116852, ENSG00000117600, ENSG00000119138, ENSG00000123643, ENSG00000124507, ENSG00000125966, ENSG00000127585, ENSG00000128011, ENSG00000128268, ENSG00000128872, ENSG00000129159, ENSG00000129355, ENSG00000130558, ENSG00000131242, ENSG00000132359, ENSG00000132970, ENSG00000134775, ENSG00000135127, ENSG00000135439, ENSG00000135622, ENSG00000135709, ENSG00000137267, ENSG00000139182, ENSG00000140323, ENSG00000145335, ENSG00000145362, ENSG00000146216, ENSG00000148408, ENSG00000149679, ENSG00000149927, ENSG00000150594, ENSG00000151079, ENSG00000153291, ENSG00000153558, ENSG00000153820, ENSG00000154162, ENSG00000154654, ENSG00000154917, ENSG00000155093, ENSG00000156011, ENSG00000156959, ENSG00000157152, ENSG00000158856, ENSG00000161082, ENSG00000161243, ENSG00000161681, ENSG00000162631, ENSG00000162636, ENSG00000162706, ENSG00000163013, ENSG00000163873, ENSG00000164715, ENSG00000165152, ENSG00000166405, ENSG00000166897, ENSG00000167971, ENSG00000169783, ENSG00000171368, ENSG00000171798, ENSG00000171867, ENSG00000173175, ENSG00000173406, ENSG00000174460, ENSG00000175115, ENSG00000180881, ENSG00000181790, ENSG00000184916, ENSG00000185513, ENSG00000186642, ENSG00000186648, ENSG00000187135, ENSG00000196208, ENSG00000197106, ENSG00000197380, ENSG00000198216, ENSG00000198825, ENSG00000198910, ENSG00000203772, ENSG00000232434, ENSG00000242265, ENSG00000251322"
"M7","grey60_Mariani__DATA/modules_allStudies.csv","User",8.62927510995353e-15,16,"ENSG00000004838, ENSG00000010626, ENSG00000101222, ENSG00000114473, ENSG00000118307, ENSG00000137098, ENSG00000138587, ENSG00000141294, ENSG00000152582, ENSG00000165115, ENSG00000169964, ENSG00000175267, ENSG00000185250, ENSG00000205084, ENSG00000205129, ENSG00000215217"
"M4","18_Parikshak2016__DATA/modules_allStudies.csv","User",2.005393907847e-14,23,"ENSG00000011465, ENSG00000106483, ENSG00000108821, ENSG00000115414, ENSG00000120708, ENSG00000134954, ENSG00000135111, ENSG00000137962, ENSG00000138061, ENSG00000138795, ENSG00000142173, ENSG00000151617, ENSG00000161791, ENSG00000163359, ENSG00000163513, ENSG00000164692, ENSG00000167244, ENSG00000168542, ENSG00000178695, ENSG00000182179, ENSG00000189184, ENSG00000197321, ENSG00000198682"
"M1","12_Voineagu__DATA/modules_allStudies.csv","User",2.25982315318822e-14,45,"ENSG00000008735, ENSG00000058404, ENSG00000067057, ENSG00000067842, ENSG00000073150, ENSG00000074317, ENSG00000077080, ENSG00000095203, ENSG00000099849, ENSG00000100604, ENSG00000103723, ENSG00000110171, ENSG00000111674, ENSG00000124194, ENSG00000124772, ENSG00000130822, ENSG00000135423, ENSG00000135709, ENSG00000136828, ENSG00000137218, ENSG00000139190, ENSG00000143845, ENSG00000144711, ENSG00000149679, ENSG00000149927, ENSG00000154917, ENSG00000157445, ENSG00000158555, ENSG00000158806, ENSG00000160460, ENSG00000161544, ENSG00000163704, ENSG00000163995, ENSG00000166862, ENSG00000167964, ENSG00000168993, ENSG00000170214, ENSG00000172350, ENSG00000174938, ENSG00000197106, ENSG00000197444, ENSG00000198794, ENSG00000198934, ENSG00000223572, ENSG00000237289"
"M1","M16_Parikshak2013__DATA/modules_allStudies.csv","User",6.2203541902742e-14,60,"ENSG00000018236, ENSG00000067606, ENSG00000067842, ENSG00000084764, ENSG00000089220, ENSG00000097021, ENSG00000100678, ENSG00000101210, ENSG00000103723, ENSG00000104863, ENSG00000105409, ENSG00000105520, ENSG00000105649, ENSG00000107130, ENSG00000107518, ENSG00000107954, ENSG00000110076, ENSG00000110427, ENSG00000111674, ENSG00000114279, ENSG00000116675, ENSG00000116741, ENSG00000117600, ENSG00000128872, ENSG00000129355, ENSG00000130558, ENSG00000138030, ENSG00000139182, ENSG00000152061, ENSG00000153558, ENSG00000154917, ENSG00000155093, ENSG00000158089, ENSG00000158716, ENSG00000159128, ENSG00000162636, ENSG00000162706, ENSG00000165152, ENSG00000165832, ENSG00000165943, ENSG00000166257, ENSG00000167281, ENSG00000169744, ENSG00000171132, ENSG00000171303, ENSG00000174460, ENSG00000174938, ENSG00000177875, ENSG00000180354, ENSG00000185345, ENSG00000187672, ENSG00000197380, ENSG00000198794, ENSG00000198825, ENSG00000198934, ENSG00000204681, ENSG00000204851, ENSG00000213023, ENSG00000225670, ENSG00000240694"
"M1","grey_Tylee__DATA/modules_allStudies.csv","User",1.96519507733844e-13,251,"ENSG00000004777, ENSG00000006071, ENSG00000008735, ENSG00000011347, ENSG00000019505, ENSG00000040731, ENSG00000049759, ENSG00000058404, ENSG00000061656, ENSG00000065054, ENSG00000067606, ENSG00000067842, ENSG00000069020, ENSG00000069966, ENSG00000073803, ENSG00000074317, ENSG00000075035, ENSG00000075340, ENSG00000076864, ENSG00000077080, ENSG00000082805, ENSG00000088808, ENSG00000089057, ENSG00000099365, ENSG00000099822, ENSG00000100604, ENSG00000101204, ENSG00000101210, ENSG00000101333, ENSG00000102003, ENSG00000103034, ENSG00000103723, ENSG00000104833, ENSG00000104863, ENSG00000105278, ENSG00000105409, ENSG00000105613, ENSG00000105737, ENSG00000106089, ENSG00000106123, ENSG00000106976, ENSG00000107957, ENSG00000108387, ENSG00000110169, ENSG00000110171, ENSG00000110427, ENSG00000110786, ENSG00000111670, ENSG00000111674, ENSG00000112715, ENSG00000113100, ENSG00000113248, ENSG00000113327, ENSG00000113430, ENSG00000113790, ENSG00000116396, ENSG00000116544, ENSG00000116675, ENSG00000116983, ENSG00000119138, ENSG00000119227, ENSG00000119640, ENSG00000121900, ENSG00000122035, ENSG00000122574, ENSG00000123360, ENSG00000124140, ENSG00000124374, ENSG00000124507, ENSG00000124772, ENSG00000125848, ENSG00000125895, ENSG00000125966, ENSG00000126733, ENSG00000127252, ENSG00000127561, ENSG00000128268, ENSG00000129159, ENSG00000129990, ENSG00000130477, ENSG00000130558, ENSG00000130643, ENSG00000130822, ENSG00000131037, ENSG00000131398, ENSG00000132879, ENSG00000134070, ENSG00000134775, ENSG00000135423, ENSG00000135439, ENSG00000135447, ENSG00000135454, ENSG00000135622, ENSG00000136247, ENSG00000137218, ENSG00000137267, ENSG00000137727, ENSG00000138028, ENSG00000138030, ENSG00000139508, ENSG00000139973, ENSG00000140043, ENSG00000140323, ENSG00000140600, ENSG00000141404, ENSG00000141458, ENSG00000141750, ENSG00000142549, ENSG00000143630, ENSG00000143845, ENSG00000144199, ENSG00000145198, ENSG00000145242, ENSG00000145911, ENSG00000146411, ENSG00000148408, ENSG00000149218, ENSG00000149679, ENSG00000150594, ENSG00000151079, ENSG00000151746, ENSG00000152433, ENSG00000152818, ENSG00000152954, ENSG00000152969, ENSG00000153558, ENSG00000153790, ENSG00000153820, ENSG00000153823, ENSG00000154118, ENSG00000154447, ENSG00000154654, ENSG00000154917, ENSG00000155093, ENSG00000155265, ENSG00000156011, ENSG00000156687, ENSG00000156959, ENSG00000157152, ENSG00000157445, ENSG00000157782, ENSG00000157985, ENSG00000158445, ENSG00000161082, ENSG00000161243, ENSG00000161544, ENSG00000161558, ENSG00000161647, ENSG00000161681, ENSG00000162065, ENSG00000162344, ENSG00000162374, ENSG00000162545, ENSG00000163013, ENSG00000163449, ENSG00000163864, ENSG00000163873, ENSG00000163888, ENSG00000165152, ENSG00000165813, ENSG00000165868, ENSG00000166257, ENSG00000166405, ENSG00000166862, ENSG00000166897, ENSG00000167103, ENSG00000167281, ENSG00000167371, ENSG00000167549, ENSG00000167619, ENSG00000167964, ENSG00000167971, ENSG00000167994, ENSG00000168077, ENSG00000168124, ENSG00000168243, ENSG00000168481, ENSG00000168843, ENSG00000168993, ENSG00000169155, ENSG00000169258, ENSG00000169330, ENSG00000169432, ENSG00000169744, ENSG00000169836, ENSG00000171132, ENSG00000171450, ENSG00000171735, ENSG00000172247, ENSG00000172348, ENSG00000172350, ENSG00000172789, ENSG00000173166, ENSG00000173175, ENSG00000173406, ENSG00000174460, ENSG00000174521, ENSG00000175874, ENSG00000177301, ENSG00000177875, ENSG00000178150, ENSG00000178171, ENSG00000178301, ENSG00000178773, ENSG00000179029, ENSG00000179292, ENSG00000179331, ENSG00000180881, ENSG00000181982, ENSG00000182255, ENSG00000183114, ENSG00000184156, ENSG00000184515, ENSG00000184611, ENSG00000184675, ENSG00000184916, ENSG00000185513, ENSG00000185519, ENSG00000185522, ENSG00000185567, ENSG00000186487, ENSG00000186642, ENSG00000187486, ENSG00000188158, ENSG00000188613, ENSG00000189221, ENSG00000189431, ENSG00000196361, ENSG00000196639, ENSG00000196867, ENSG00000196876, ENSG00000197106, ENSG00000197380, ENSG00000197444, ENSG00000197496, ENSG00000197580, ENSG00000197927, ENSG00000198133, ENSG00000198216, ENSG00000198910, ENSG00000198934, ENSG00000203772, ENSG00000204681, ENSG00000212864, ENSG00000213023, ENSG00000221946, ENSG00000240694, ENSG00000242265, ENSG00000246705, ENSG00000248124, ENSG00000251322"
"M1","M13_Parikshak2013__DATA/modules_allStudies.csv","User",5.0081546403297e-13,58,"ENSG00000008056, ENSG00000010404, ENSG00000050748, ENSG00000054356, ENSG00000069424, ENSG00000074317, ENSG00000075035, ENSG00000079819, ENSG00000086300, ENSG00000095203, ENSG00000099308, ENSG00000100321, ENSG00000102003, ENSG00000103034, ENSG00000103154, ENSG00000103811, ENSG00000106976, ENSG00000108176, ENSG00000108387, ENSG00000112796, ENSG00000113100, ENSG00000113327, ENSG00000116661, ENSG00000116983, ENSG00000119138, ENSG00000123360, ENSG00000124140, ENSG00000124507, ENSG00000127585, ENSG00000135423, ENSG00000135447, ENSG00000135631, ENSG00000139190, ENSG00000144711, ENSG00000149575, ENSG00000152954, ENSG00000157152, ENSG00000157782, ENSG00000158856, ENSG00000161544, ENSG00000163013, ENSG00000166448, ENSG00000168481, ENSG00000168993, ENSG00000169213, ENSG00000170214, ENSG00000170271, ENSG00000171450, ENSG00000171867, ENSG00000172348, ENSG00000173267, ENSG00000175874, ENSG00000180155, ENSG00000185432, ENSG00000196972, ENSG00000197106, ENSG00000197444, ENSG00000242173"
"M9","turquoise_Mariani__DATA/modules_allStudies.csv","User",5.86221261394298e-12,79,"ENSG00000011260, ENSG00000020426, ENSG00000041357, ENSG00000053372, ENSG00000055044, ENSG00000064703, ENSG00000065427, ENSG00000070501, ENSG00000075089, ENSG00000083457, ENSG00000089048, ENSG00000092020, ENSG00000096717, ENSG00000100823, ENSG00000101132, ENSG00000104131, ENSG00000106028, ENSG00000111845, ENSG00000112081, ENSG00000113312, ENSG00000114686, ENSG00000115750, ENSG00000115816, ENSG00000115875, ENSG00000116668, ENSG00000117697, ENSG00000119041, ENSG00000125351, ENSG00000130935, ENSG00000135316, ENSG00000135486, ENSG00000135900, ENSG00000136518, ENSG00000136897, ENSG00000137692, ENSG00000137814, ENSG00000137876, ENSG00000138346, ENSG00000139168, ENSG00000139233, ENSG00000139372, ENSG00000140307, ENSG00000141560, ENSG00000143374, ENSG00000146733, ENSG00000147224, ENSG00000152240, ENSG00000152455, ENSG00000153015, ENSG00000153561, ENSG00000154743, ENSG00000156831, ENSG00000158623, ENSG00000160124, ENSG00000160688, ENSG00000162623, ENSG00000163006, ENSG00000163389, ENSG00000163468, ENSG00000164134, ENSG00000164610, ENSG00000164934, ENSG00000166226, ENSG00000167635, ENSG00000169288, ENSG00000171103, ENSG00000171453, ENSG00000173145, ENSG00000176624, ENSG00000178105, ENSG00000181610, ENSG00000183726, ENSG00000183814, ENSG00000197451, ENSG00000198015, ENSG00000198393, ENSG00000198860, ENSG00000234545, ENSG00000239900"
"M2","17_Voineagu__DATA/modules_allStudies.csv","User",1.49094477840139e-11,82,"ENSG00000040341, ENSG00000050426, ENSG00000051382, ENSG00000067715, ENSG00000067798, ENSG00000068366, ENSG00000068615, ENSG00000075945, ENSG00000077279, ENSG00000078053, ENSG00000083720, ENSG00000087258, ENSG00000088538, ENSG00000091157, ENSG00000101856, ENSG00000102144, ENSG00000104435, ENSG00000104765, ENSG00000106537, ENSG00000106688, ENSG00000109832, ENSG00000114948, ENSG00000115252, ENSG00000115290, ENSG00000115840, ENSG00000116750, ENSG00000118276, ENSG00000118733, ENSG00000119185, ENSG00000121871, ENSG00000123983, ENSG00000125675, ENSG00000125814, ENSG00000132639, ENSG00000135002, ENSG00000135045, ENSG00000135750, ENSG00000136854, ENSG00000136928, ENSG00000138078, ENSG00000139970, ENSG00000145545, ENSG00000146151, ENSG00000148660, ENSG00000148798, ENSG00000148948, ENSG00000152578, ENSG00000153233, ENSG00000153814, ENSG00000154027, ENSG00000156475, ENSG00000157064, ENSG00000158301, ENSG00000158560, ENSG00000163053, ENSG00000163630, ENSG00000164742, ENSG00000165434, ENSG00000165704, ENSG00000165973, ENSG00000166111, ENSG00000166206, ENSG00000171033, ENSG00000172209, ENSG00000172915, ENSG00000174469, ENSG00000178235, ENSG00000179542, ENSG00000179915, ENSG00000186106, ENSG00000186310, ENSG00000186469, ENSG00000186868, ENSG00000188191, ENSG00000197535, ENSG00000197959, ENSG00000198648, ENSG00000198673, ENSG00000198689, ENSG00000204130, ENSG00000213760, ENSG00000244005"
"M17","24_Parikshak2016__DATA/modules_allStudies.csv","User",2.80602923079403e-11,40,"ENSG00000008441, ENSG00000014164, ENSG00000024422, ENSG00000056661, ENSG00000089351, ENSG00000103148, ENSG00000104897, ENSG00000111676, ENSG00000112033, ENSG00000112787, ENSG00000120896, ENSG00000125534, ENSG00000126464, ENSG00000130479, ENSG00000132005, ENSG00000140464, ENSG00000141867, ENSG00000141905, ENSG00000145506, ENSG00000152284, ENSG00000154146, ENSG00000155849, ENSG00000157933, ENSG00000159840, ENSG00000160767, ENSG00000161847, ENSG00000162298, ENSG00000166484, ENSG00000175873, ENSG00000178209, ENSG00000178531, ENSG00000183248, ENSG00000186174, ENSG00000196498, ENSG00000196588, ENSG00000213015, ENSG00000222009, ENSG00000230715, ENSG00000243279, ENSG00000261221"
"M1","25_Parikshak2016__DATA/modules_allStudies.csv","User",8.39807521928117e-11,75,"ENSG00000010404, ENSG00000010818, ENSG00000040731, ENSG00000049759, ENSG00000054356, ENSG00000089057, ENSG00000095203, ENSG00000100678, ENSG00000101098, ENSG00000103056, ENSG00000103154, ENSG00000106089, ENSG00000107954, ENSG00000108960, ENSG00000110076, ENSG00000110675, ENSG00000111670, ENSG00000112541, ENSG00000113391, ENSG00000116852, ENSG00000117600, ENSG00000129355, ENSG00000129990, ENSG00000130558, ENSG00000131242, ENSG00000132359, ENSG00000132879, ENSG00000134775, ENSG00000135127, ENSG00000135454, ENSG00000137267, ENSG00000137727, ENSG00000138028, ENSG00000141404, ENSG00000145242, ENSG00000145911, ENSG00000150594, ENSG00000151746, ENSG00000153823, ENSG00000154162, ENSG00000154654, ENSG00000156687, ENSG00000156959, ENSG00000158089, ENSG00000161082, ENSG00000162065, ENSG00000162545, ENSG00000162631, ENSG00000162636, ENSG00000162706, ENSG00000163013, ENSG00000163449, ENSG00000163873, ENSG00000166257, ENSG00000168243, ENSG00000168843, ENSG00000169258, ENSG00000169744, ENSG00000171303, ENSG00000172247, ENSG00000173166, ENSG00000174521, ENSG00000177272, ENSG00000178947, ENSG00000184156, ENSG00000184611, ENSG00000185052, ENSG00000185352, ENSG00000186487, ENSG00000186642, ENSG00000187672, ENSG00000198133, ENSG00000204681, ENSG00000205363, ENSG00000271975"
"M19","9_Voineagu__DATA/modules_allStudies.csv","User",3.33494556129158e-10,14,"ENSG00000106803, ENSG00000110700, ENSG00000112306, ENSG00000114391, ENSG00000130255, ENSG00000149273, ENSG00000156482, ENSG00000161016, ENSG00000164587, ENSG00000165502, ENSG00000182899, ENSG00000198242, ENSG00000198918, ENSG00000213741"
"M2","25_Parikshak2016__DATA/modules_allStudies.csv","User",5.61040148670199e-10,65,"ENSG00000008086, ENSG00000009694, ENSG00000050030, ENSG00000067798, ENSG00000068366, ENSG00000069712, ENSG00000071575, ENSG00000077279, ENSG00000079841, ENSG00000101349, ENSG00000105143, ENSG00000106688, ENSG00000107282, ENSG00000112972, ENSG00000113161, ENSG00000117598, ENSG00000128578, ENSG00000133985, ENSG00000136603, ENSG00000136928, ENSG00000137486, ENSG00000139220, ENSG00000141431, ENSG00000143324, ENSG00000144583, ENSG00000145545, ENSG00000148948, ENSG00000149054, ENSG00000150394, ENSG00000150627, ENSG00000151229, ENSG00000152092, ENSG00000152495, ENSG00000152932, ENSG00000153233, ENSG00000153253, ENSG00000153563, ENSG00000153814, ENSG00000154975, ENSG00000158186, ENSG00000162409, ENSG00000164983, ENSG00000165434, ENSG00000166342, ENSG00000166501, ENSG00000169122, ENSG00000169760, ENSG00000169851, ENSG00000170091, ENSG00000170396, ENSG00000173452, ENSG00000173611, ENSG00000174482, ENSG00000184992, ENSG00000185090, ENSG00000185737, ENSG00000186469, ENSG00000186868, ENSG00000204442, ENSG00000223591, ENSG00000243444, ENSG00000260006, ENSG00000260230, ENSG00000261115, ENSG00000271614"
"M2","16_Parikshak2016__DATA/modules_allStudies.csv","User",5.73093293259551e-10,37,"ENSG00000006432, ENSG00000040341, ENSG00000067715, ENSG00000075945, ENSG00000088538, ENSG00000091157, ENSG00000114948, ENSG00000115977, ENSG00000116133, ENSG00000116750, ENSG00000118276, ENSG00000118402, ENSG00000118473, ENSG00000119946, ENSG00000122873, ENSG00000125675, ENSG00000125814, ENSG00000131437, ENSG00000136531, ENSG00000138769, ENSG00000144406, ENSG00000151948, ENSG00000157064, ENSG00000158560, ENSG00000159164, ENSG00000160753, ENSG00000164742, ENSG00000165704, ENSG00000166111, ENSG00000169282, ENSG00000177570, ENSG00000182674, ENSG00000185900, ENSG00000188191, ENSG00000197535, ENSG00000198961, ENSG00000228794"
"M5","6_Voineagu__DATA/modules_allStudies.csv","User",7.11496846987905e-10,28,"ENSG00000006025, ENSG00000061938, ENSG00000085998, ENSG00000103091, ENSG00000103249, ENSG00000108465, ENSG00000112511, ENSG00000114270, ENSG00000125826, ENSG00000140400, ENSG00000140983, ENSG00000157353, ENSG00000160917, ENSG00000162572, ENSG00000162650, ENSG00000163794, ENSG00000165684, ENSG00000167685, ENSG00000169231, ENSG00000169696, ENSG00000171298, ENSG00000175634, ENSG00000177666, ENSG00000180902, ENSG00000182979, ENSG00000185324, ENSG00000214021, ENSG00000215440"
"M5","midnightblue_Mariani__DATA/modules_allStudies.csv","User",1.03136363523483e-09,22,"ENSG00000005961, ENSG00000011243, ENSG00000075826, ENSG00000095370, ENSG00000103253, ENSG00000103269, ENSG00000104957, ENSG00000105717, ENSG00000108773, ENSG00000108785, ENSG00000144214, ENSG00000158106, ENSG00000160305, ENSG00000162572, ENSG00000162650, ENSG00000167615, ENSG00000168970, ENSG00000178971, ENSG00000185189, ENSG00000185324, ENSG00000196378, ENSG00000259715"
"M2","grey_Tylee__DATA/modules_allStudies.csv","User",1.27941265176629e-09,204,"ENSG00000000971, ENSG00000003987, ENSG00000006432, ENSG00000008086, ENSG00000011677, ENSG00000036530, ENSG00000065609, ENSG00000066032, ENSG00000067715, ENSG00000068615, ENSG00000073464, ENSG00000073711, ENSG00000074211, ENSG00000077063, ENSG00000077264, ENSG00000077279, ENSG00000079459, ENSG00000081026, ENSG00000081181, ENSG00000085871, ENSG00000088538, ENSG00000091513, ENSG00000091656, ENSG00000091844, ENSG00000099194, ENSG00000100433, ENSG00000101546, ENSG00000102678, ENSG00000103942, ENSG00000104154, ENSG00000104427, ENSG00000104435, ENSG00000105784, ENSG00000106688, ENSG00000106853, ENSG00000107282, ENSG00000109771, ENSG00000109832, ENSG00000112293, ENSG00000114948, ENSG00000115290, ENSG00000115355, ENSG00000115977, ENSG00000116133, ENSG00000118276, ENSG00000118402, ENSG00000118733, ENSG00000119283, ENSG00000119547, ENSG00000119946, ENSG00000121871, ENSG00000122012, ENSG00000123570, ENSG00000125814, ENSG00000127364, ENSG00000131370, ENSG00000132164, ENSG00000132639, ENSG00000132975, ENSG00000135002, ENSG00000135045, ENSG00000135472, ENSG00000135750, ENSG00000136531, ENSG00000136854, ENSG00000136928, ENSG00000137460, ENSG00000137478, ENSG00000138769, ENSG00000139220, ENSG00000139428, ENSG00000139915, ENSG00000141837, ENSG00000143469, ENSG00000144026, ENSG00000144036, ENSG00000144278, ENSG00000144285, ENSG00000144369, ENSG00000144583, ENSG00000145545, ENSG00000145864, ENSG00000145990, ENSG00000146151, ENSG00000146267, ENSG00000146352, ENSG00000146950, ENSG00000147117, ENSG00000147364, ENSG00000148798, ENSG00000149054, ENSG00000150361, ENSG00000150394, ENSG00000150627, ENSG00000151012, ENSG00000151229, ENSG00000152092, ENSG00000152578, ENSG00000153012, ENSG00000153233, ENSG00000155858, ENSG00000156298, ENSG00000156486, ENSG00000156535, ENSG00000158008, ENSG00000158186, ENSG00000158286, ENSG00000158528, ENSG00000158560, ENSG00000159164, ENSG00000160285, ENSG00000161551, ENSG00000162188, ENSG00000162409, ENSG00000162415, ENSG00000162929, ENSG00000163032, ENSG00000163053, ENSG00000163630, ENSG00000164188, ENSG00000164237, ENSG00000164512, ENSG00000164604, ENSG00000164742, ENSG00000164796, ENSG00000165379, ENSG00000166111, ENSG00000166321, ENSG00000166963, ENSG00000167414, ENSG00000168904, ENSG00000168959, ENSG00000169122, ENSG00000169282, ENSG00000169752, ENSG00000169760, ENSG00000169851, ENSG00000170396, ENSG00000170629, ENSG00000170873, ENSG00000171016, ENSG00000171435, ENSG00000171723, ENSG00000171914, ENSG00000172209, ENSG00000172893, ENSG00000173320, ENSG00000173452, ENSG00000174469, ENSG00000174482, ENSG00000174501, ENSG00000174599, ENSG00000175161, ENSG00000176148, ENSG00000176595, ENSG00000176641, ENSG00000177084, ENSG00000177181, ENSG00000177570, ENSG00000178201, ENSG00000178235, ENSG00000179083, ENSG00000179399, ENSG00000179542, ENSG00000179603, ENSG00000179796, ENSG00000179935, ENSG00000181072, ENSG00000182256, ENSG00000182326, ENSG00000182674, ENSG00000184258, ENSG00000184349, ENSG00000184408, ENSG00000184524, ENSG00000184672, ENSG00000184992, ENSG00000185090, ENSG00000185669, ENSG00000185737, ENSG00000185900, ENSG00000186310, ENSG00000186462, ENSG00000186469, ENSG00000187391, ENSG00000187902, ENSG00000187957, ENSG00000188176, ENSG00000188191, ENSG00000188211, ENSG00000188227, ENSG00000188394, ENSG00000188917, ENSG00000197044, ENSG00000197415, ENSG00000198185, ENSG00000198513, ENSG00000198673, ENSG00000198911, ENSG00000204764, ENSG00000204789, ENSG00000213760, ENSG00000244005, ENSG00000260230"
"M11","CD2_Gandal__DATA/modules_allStudies.csv","User",1.32974276761997e-09,19,"ENSG00000007968, ENSG00000072571, ENSG00000085999, ENSG00000089685, ENSG00000093009, ENSG00000101057, ENSG00000105011, ENSG00000111665, ENSG00000115163, ENSG00000121152, ENSG00000123485, ENSG00000131153, ENSG00000135451, ENSG00000148773, ENSG00000160957, ENSG00000166483, ENSG00000171848, ENSG00000175063, ENSG00000213347"
"M7","lightgreen_Mariani__DATA/modules_allStudies.csv","User",1.7092697134067e-09,15,"ENSG00000103021, ENSG00000111834, ENSG00000112539, ENSG00000116885, ENSG00000129295, ENSG00000139537, ENSG00000147400, ENSG00000150773, ENSG00000152763, ENSG00000158062, ENSG00000160345, ENSG00000163093, ENSG00000163818, ENSG00000168778, ENSG00000178053"
"M6","yellow_Mariani__DATA/modules_allStudies.csv","User",1.99415580768282e-09,44,"ENSG00000005884, ENSG00000033327, ENSG00000034677, ENSG00000047457, ENSG00000058668, ENSG00000065485, ENSG00000067082, ENSG00000068323, ENSG00000069399, ENSG00000087086, ENSG00000103145, ENSG00000103257, ENSG00000105514, ENSG00000111266, ENSG00000113916, ENSG00000121281, ENSG00000125505, ENSG00000131941, ENSG00000131981, ENSG00000134109, ENSG00000143367, ENSG00000143819, ENSG00000144802, ENSG00000147408, ENSG00000161011, ENSG00000161013, ENSG00000161714, ENSG00000163565, ENSG00000164733, ENSG00000165617, ENSG00000166710, ENSG00000168615, ENSG00000169242, ENSG00000172071, ENSG00000172197, ENSG00000173545, ENSG00000173801, ENSG00000181788, ENSG00000184557, ENSG00000185753, ENSG00000185950, ENSG00000196083, ENSG00000196151, ENSG00000204592"
"M1","16_Parikshak2016__DATA/modules_allStudies.csv","User",2.10308455945857e-09,40,"ENSG00000050748, ENSG00000069966, ENSG00000075340, ENSG00000084764, ENSG00000097021, ENSG00000100321, ENSG00000101210, ENSG00000105409, ENSG00000106123, ENSG00000110427, ENSG00000116675, ENSG00000124140, ENSG00000128872, ENSG00000130477, ENSG00000135709, ENSG00000139182, ENSG00000144711, ENSG00000145335, ENSG00000145362, ENSG00000152061, ENSG00000153558, ENSG00000155093, ENSG00000156453, ENSG00000157087, ENSG00000158445, ENSG00000162374, ENSG00000165152, ENSG00000165868, ENSG00000171132, ENSG00000174938, ENSG00000178171, ENSG00000180155, ENSG00000185345, ENSG00000185567, ENSG00000196876, ENSG00000198794, ENSG00000198910, ENSG00000198934, ENSG00000260837, ENSG00000261675"
"M16","green_Mariani__DATA/modules_allStudies.csv","User",2.38727450558326e-09,31,"ENSG00000057294, ENSG00000072274, ENSG00000100345, ENSG00000101911, ENSG00000105974, ENSG00000107796, ENSG00000108518, ENSG00000108829, ENSG00000109099, ENSG00000114850, ENSG00000121690, ENSG00000125753, ENSG00000126822, ENSG00000131459, ENSG00000134294, ENSG00000143457, ENSG00000145012, ENSG00000145632, ENSG00000148484, ENSG00000150093, ENSG00000150457, ENSG00000150990, ENSG00000153179, ENSG00000159176, ENSG00000164465, ENSG00000167460, ENSG00000168495, ENSG00000168807, ENSG00000169188, ENSG00000169504, ENSG00000196821"
"M16","greenyellow_Mariani__DATA/modules_allStudies.csv","User",2.7056557004435e-09,24,"ENSG00000065308, ENSG00000074695, ENSG00000108582, ENSG00000109089, ENSG00000109320, ENSG00000109814, ENSG00000113273, ENSG00000118680, ENSG00000119673, ENSG00000130508, ENSG00000131446, ENSG00000134910, ENSG00000135269, ENSG00000136026, ENSG00000137076, ENSG00000138119, ENSG00000138674, ENSG00000147883, ENSG00000148248, ENSG00000154309, ENSG00000159322, ENSG00000169756, ENSG00000182718, ENSG00000197702"
"M16","CD12_Gandal__DATA/modules_allStudies.csv","User",3.45770899877096e-09,12,"ENSG00000101335, ENSG00000105974, ENSG00000107796, ENSG00000130176, ENSG00000138119, ENSG00000140092, ENSG00000140682, ENSG00000149591, ENSG00000163017, ENSG00000175899, ENSG00000182718, ENSG00000198467"
"M17","yellow_Tylee__DATA/modules_allStudies.csv","User",1.94909393302968e-08,19,"ENSG00000014164, ENSG00000100258, ENSG00000103335, ENSG00000104897, ENSG00000112787, ENSG00000130479, ENSG00000135723, ENSG00000141905, ENSG00000157933, ENSG00000160767, ENSG00000161847, ENSG00000165458, ENSG00000166484, ENSG00000167566, ENSG00000172375, ENSG00000175938, ENSG00000181222, ENSG00000186174, ENSG00000243279"
"M19","midnightblue_Tylee__DATA/modules_allStudies.csv","User",2.15834671752093e-08,12,"ENSG00000114391, ENSG00000118181, ENSG00000130255, ENSG00000156482, ENSG00000161016, ENSG00000163682, ENSG00000164587, ENSG00000177954, ENSG00000182899, ENSG00000198918, ENSG00000213741, ENSG00000231500"
"M1","pink_Mariani__DATA/modules_allStudies.csv","User",4.62654149611768e-08,53,"ENSG00000001461, ENSG00000010818, ENSG00000018236, ENSG00000050748, ENSG00000073150, ENSG00000082805, ENSG00000099822, ENSG00000100604, ENSG00000107317, ENSG00000107679, ENSG00000110169, ENSG00000112541, ENSG00000112715, ENSG00000113742, ENSG00000116675, ENSG00000119227, ENSG00000124772, ENSG00000135423, ENSG00000137727, ENSG00000137965, ENSG00000141404, ENSG00000143845, ENSG00000149575, ENSG00000150594, ENSG00000152061, ENSG00000154654, ENSG00000158089, ENSG00000161381, ENSG00000162434, ENSG00000162631, ENSG00000163577, ENSG00000165868, ENSG00000168481, ENSG00000169432, ENSG00000169836, ENSG00000171303, ENSG00000171867, ENSG00000173267, ENSG00000175874, ENSG00000179292, ENSG00000181444, ENSG00000181804, ENSG00000182255, ENSG00000184611, ENSG00000185052, ENSG00000185352, ENSG00000185477, ENSG00000186862, ENSG00000196391, ENSG00000196639, ENSG00000197106, ENSG00000221968, ENSG00000221995"
"M2","M16_Parikshak2013__DATA/modules_allStudies.csv","User",9.75394076832447e-08,44,"ENSG00000003987, ENSG00000051382, ENSG00000065609, ENSG00000067221, ENSG00000067715, ENSG00000068366, ENSG00000088367, ENSG00000091157, ENSG00000105143, ENSG00000105220, ENSG00000106688, ENSG00000114948, ENSG00000118402, ENSG00000118473, ENSG00000118733, ENSG00000131437, ENSG00000135002, ENSG00000136404, ENSG00000136531, ENSG00000136854, ENSG00000138078, ENSG00000152092, ENSG00000152932, ENSG00000155099, ENSG00000158301, ENSG00000158528, ENSG00000159164, ENSG00000162105, ENSG00000164951, ENSG00000165434, ENSG00000166111, ENSG00000166974, ENSG00000174482, ENSG00000176055, ENSG00000179915, ENSG00000184672, ENSG00000186310, ENSG00000188191, ENSG00000197535, ENSG00000198513, ENSG00000198689, ENSG00000198780, ENSG00000198961, ENSG00000204856"
"M8","blue_Tylee__DATA/modules_allStudies.csv","User",1.02495427852084e-07,41,"ENSG00000008130, ENSG00000047644, ENSG00000075426, ENSG00000087074, ENSG00000099331, ENSG00000099875, ENSG00000100296, ENSG00000101236, ENSG00000102007, ENSG00000104915, ENSG00000105722, ENSG00000116017, ENSG00000116260, ENSG00000116729, ENSG00000120129, ENSG00000125734, ENSG00000129925, ENSG00000130402, ENSG00000131408, ENSG00000131759, ENSG00000132510, ENSG00000135404, ENSG00000139083, ENSG00000143373, ENSG00000143570, ENSG00000146112, ENSG00000148400, ENSG00000148841, ENSG00000150403, ENSG00000157350, ENSG00000158710, ENSG00000160410, ENSG00000160570, ENSG00000160888, ENSG00000162889, ENSG00000165861, ENSG00000167491, ENSG00000170876, ENSG00000173327, ENSG00000175215, ENSG00000185262"
"M2","mod2_Gupta__DATA/modules_allStudies.csv","User",1.15128141076968e-07,85,"ENSG00000003987, ENSG00000011677, ENSG00000036530, ENSG00000066032, ENSG00000068366, ENSG00000073464, ENSG00000077157, ENSG00000079841, ENSG00000081181, ENSG00000083720, ENSG00000087258, ENSG00000088367, ENSG00000088538, ENSG00000096092, ENSG00000101856, ENSG00000102452, ENSG00000107282, ENSG00000112972, ENSG00000115252, ENSG00000116133, ENSG00000118276, ENSG00000118473, ENSG00000118733, ENSG00000120137, ENSG00000120251, ENSG00000121871, ENSG00000122966, ENSG00000128578, ENSG00000131018, ENSG00000131370, ENSG00000133985, ENSG00000135472, ENSG00000136404, ENSG00000136854, ENSG00000139970, ENSG00000140396, ENSG00000143324, ENSG00000145545, ENSG00000150394, ENSG00000152092, ENSG00000152578, ENSG00000152932, ENSG00000153233, ENSG00000153563, ENSG00000153814, ENSG00000154027, ENSG00000156298, ENSG00000157064, ENSG00000157388, ENSG00000158186, ENSG00000158560, ENSG00000162105, ENSG00000162415, ENSG00000163053, ENSG00000163539, ENSG00000164983, ENSG00000165379, ENSG00000166206, ENSG00000166963, ENSG00000166974, ENSG00000168959, ENSG00000169710, ENSG00000170091, ENSG00000171314, ENSG00000171435, ENSG00000171587, ENSG00000171914, ENSG00000172209, ENSG00000176148, ENSG00000176595, ENSG00000177570, ENSG00000182674, ENSG00000183166, ENSG00000185090, ENSG00000185669, ENSG00000185737, ENSG00000186868, ENSG00000187902, ENSG00000196189, ENSG00000198513, ENSG00000198673, ENSG00000198780, ENSG00000198911, ENSG00000204634, ENSG00000261115"
"M1","8_Voineagu__DATA/modules_allStudies.csv","User",1.5474743079355e-07,34,"ENSG00000054356, ENSG00000100321, ENSG00000100678, ENSG00000101210, ENSG00000103034, ENSG00000103056, ENSG00000105649, ENSG00000106089, ENSG00000114279, ENSG00000119227, ENSG00000123643, ENSG00000124507, ENSG00000129355, ENSG00000129990, ENSG00000130477, ENSG00000130558, ENSG00000135622, ENSG00000137267, ENSG00000139505, ENSG00000153558, ENSG00000154162, ENSG00000155093, ENSG00000157087, ENSG00000162631, ENSG00000164715, ENSG00000166448, ENSG00000169744, ENSG00000171450, ENSG00000176171, ENSG00000182870, ENSG00000184156, ENSG00000186487, ENSG00000198910, ENSG00000221946"
"M11","CD0_Gandal__DATA/modules_allStudies.csv","User",3.06636638784256e-07,79,"ENSG00000012048, ENSG00000065328, ENSG00000066279, ENSG00000071539, ENSG00000073111, ENSG00000080839, ENSG00000080986, ENSG00000087586, ENSG00000088325, ENSG00000090889, ENSG00000091651, ENSG00000100526, ENSG00000102384, ENSG00000104147, ENSG00000104738, ENSG00000104889, ENSG00000105486, ENSG00000109805, ENSG00000111206, ENSG00000111247, ENSG00000111445, ENSG00000111602, ENSG00000112029, ENSG00000112742, ENSG00000112984, ENSG00000117399, ENSG00000117650, ENSG00000117724, ENSG00000122952, ENSG00000123473, ENSG00000126787, ENSG00000130164, ENSG00000131747, ENSG00000133119, ENSG00000134690, ENSG00000135476, ENSG00000137804, ENSG00000137807, ENSG00000137812, ENSG00000138092, ENSG00000138160, ENSG00000138180, ENSG00000138182, ENSG00000138778, ENSG00000140525, ENSG00000142731, ENSG00000142945, ENSG00000143476, ENSG00000145386, ENSG00000146918, ENSG00000147155, ENSG00000149554, ENSG00000149636, ENSG00000151503, ENSG00000151725, ENSG00000152253, ENSG00000156802, ENSG00000156970, ENSG00000157456, ENSG00000163808, ENSG00000164611, ENSG00000165304, ENSG00000166451, ENSG00000166803, ENSG00000166881, ENSG00000167325, ENSG00000167513, ENSG00000168078, ENSG00000169679, ENSG00000170312, ENSG00000171241, ENSG00000184445, ENSG00000184635, ENSG00000186185, ENSG00000187741, ENSG00000188486, ENSG00000196584, ENSG00000198826, ENSG00000198901"
"M2","blue_Mariani__DATA/modules_allStudies.csv","User",4.52972542045607e-07,82,"ENSG00000028277, ENSG00000067798, ENSG00000073711, ENSG00000075391, ENSG00000077264, ENSG00000077279, ENSG00000081026, ENSG00000083720, ENSG00000088538, ENSG00000091157, ENSG00000096092, ENSG00000102678, ENSG00000104435, ENSG00000104765, ENSG00000111490, ENSG00000112294, ENSG00000113161, ENSG00000113205, ENSG00000114948, ENSG00000115840, ENSG00000119547, ENSG00000123570, ENSG00000125675, ENSG00000136404, ENSG00000138078, ENSG00000138622, ENSG00000141431, ENSG00000141837, ENSG00000143324, ENSG00000144406, ENSG00000145888, ENSG00000146151, ENSG00000146352, ENSG00000147117, ENSG00000148798, ENSG00000148948, ENSG00000150627, ENSG00000151948, ENSG00000152092, ENSG00000153563, ENSG00000158186, ENSG00000160753, ENSG00000162188, ENSG00000162415, ENSG00000163539, ENSG00000164114, ENSG00000164237, ENSG00000164604, ENSG00000166963, ENSG00000167414, ENSG00000168913, ENSG00000171016, ENSG00000171033, ENSG00000171723, ENSG00000173320, ENSG00000173452, ENSG00000174482, ENSG00000174599, ENSG00000176641, ENSG00000177181, ENSG00000178201, ENSG00000178662, ENSG00000179083, ENSG00000180479, ENSG00000182256, ENSG00000184524, ENSG00000185090, ENSG00000185565, ENSG00000186310, ENSG00000186462, ENSG00000186469, ENSG00000186472, ENSG00000187391, ENSG00000187902, ENSG00000187957, ENSG00000188191, ENSG00000188227, ENSG00000198513, ENSG00000198911, ENSG00000204130, ENSG00000213760, ENSG00000226711"
"M6","19_Parikshak2016__DATA/modules_allStudies.csv","User",6.59740219320511e-07,21,"ENSG00000047457, ENSG00000064932, ENSG00000113916, ENSG00000129566, ENSG00000130202, ENSG00000130303, ENSG00000133874, ENSG00000137193, ENSG00000144802, ENSG00000145623, ENSG00000152049, ENSG00000163565, ENSG00000166710, ENSG00000168610, ENSG00000173926, ENSG00000182500, ENSG00000184557, ENSG00000196843, ENSG00000204592, ENSG00000221869, ENSG00000234745"
"M4","green_Mariani__DATA/modules_allStudies.csv","User",6.76136728224691e-07,43,"ENSG00000019549, ENSG00000064989, ENSG00000085741, ENSG00000103485, ENSG00000110108, ENSG00000111145, ENSG00000115414, ENSG00000115884, ENSG00000116962, ENSG00000119139, ENSG00000124212, ENSG00000125845, ENSG00000125968, ENSG00000128595, ENSG00000130203, ENSG00000130600, ENSG00000134013, ENSG00000134533, ENSG00000135046, ENSG00000135111, ENSG00000135862, ENSG00000138735, ENSG00000138829, ENSG00000139926, ENSG00000142552, ENSG00000142798, ENSG00000143341, ENSG00000143369, ENSG00000144668, ENSG00000146122, ENSG00000158195, ENSG00000162878, ENSG00000166130, ENSG00000169105, ENSG00000170340, ENSG00000179820, ENSG00000183098, ENSG00000183287, ENSG00000185187, ENSG00000189067, ENSG00000196411, ENSG00000197467, ENSG00000253304"
"M2","CD5_Gandal__DATA/modules_allStudies.csv","User",1.90693955554214e-06,56,"ENSG00000005249, ENSG00000040341, ENSG00000051382, ENSG00000068366, ENSG00000068615, ENSG00000073464, ENSG00000075303, ENSG00000075945, ENSG00000078053, ENSG00000083720, ENSG00000096092, ENSG00000101856, ENSG00000102144, ENSG00000104435, ENSG00000104765, ENSG00000106537, ENSG00000106688, ENSG00000112972, ENSG00000115252, ENSG00000115840, ENSG00000116750, ENSG00000118276, ENSG00000118402, ENSG00000119185, ENSG00000122873, ENSG00000126950, ENSG00000131437, ENSG00000132639, ENSG00000135002, ENSG00000135750, ENSG00000136404, ENSG00000138078, ENSG00000139970, ENSG00000144285, ENSG00000151092, ENSG00000152578, ENSG00000156475, ENSG00000158560, ENSG00000164114, ENSG00000165704, ENSG00000165973, ENSG00000169282, ENSG00000169760, ENSG00000172209, ENSG00000172915, ENSG00000173611, ENSG00000184408, ENSG00000186106, ENSG00000186310, ENSG00000186462, ENSG00000197535, ENSG00000198932, ENSG00000198961, ENSG00000204789, ENSG00000204856, ENSG00000213760"
"M16","M18_Parikshak2013__DATA/modules_allStudies.csv","User",3.51693808999939e-06,19,"ENSG00000057294, ENSG00000065308, ENSG00000109193, ENSG00000128567, ENSG00000130176, ENSG00000131724, ENSG00000132561, ENSG00000134871, ENSG00000137076, ENSG00000138119, ENSG00000140092, ENSG00000142089, ENSG00000145012, ENSG00000149591, ENSG00000153179, ENSG00000163017, ENSG00000182718, ENSG00000187498, ENSG00000198467"
"M1","17_Parikshak2016__DATA/modules_allStudies.csv","User",6.03839571920149e-06,28,"ENSG00000011347, ENSG00000072071, ENSG00000099308, ENSG00000099814, ENSG00000103723, ENSG00000105613, ENSG00000105642, ENSG00000105649, ENSG00000107560, ENSG00000116254, ENSG00000116544, ENSG00000123643, ENSG00000124507, ENSG00000124772, ENSG00000149679, ENSG00000152954, ENSG00000154118, ENSG00000161243, ENSG00000163704, ENSG00000164715, ENSG00000169783, ENSG00000171450, ENSG00000177875, ENSG00000186479, ENSG00000197106, ENSG00000213023, ENSG00000260987, ENSG00000269975"
"M17","M18_Parikshak2013__DATA/modules_allStudies.csv","User",1.03884723679041e-05,19,"ENSG00000007384, ENSG00000018408, ENSG00000024422, ENSG00000067182, ENSG00000076067, ENSG00000102265, ENSG00000104870, ENSG00000105329, ENSG00000105559, ENSG00000135723, ENSG00000136869, ENSG00000142227, ENSG00000161638, ENSG00000166831, ENSG00000169692, ENSG00000181826, ENSG00000197879, ENSG00000222009, ENSG00000244486"
"M4","M1_DeRosa35__DATA/modules_allStudies.csv","User",1.28320014988616e-05,15,"ENSG00000100097, ENSG00000111077, ENSG00000111817, ENSG00000115414, ENSG00000116132, ENSG00000130203, ENSG00000133110, ENSG00000137868, ENSG00000143867, ENSG00000157227, ENSG00000157502, ENSG00000166482, ENSG00000167601, ENSG00000168542, ENSG00000174807"
"M17","mod5_Gupta__DATA/modules_allStudies.csv","User",1.56973088082238e-05,25,"ENSG00000018408, ENSG00000024422, ENSG00000035862, ENSG00000067182, ENSG00000077150, ENSG00000100299, ENSG00000102265, ENSG00000103335, ENSG00000104870, ENSG00000104897, ENSG00000105559, ENSG00000106211, ENSG00000114353, ENSG00000117984, ENSG00000125534, ENSG00000131094, ENSG00000131095, ENSG00000131435, ENSG00000140464, ENSG00000142227, ENSG00000155366, ENSG00000170653, ENSG00000183386, ENSG00000185650, ENSG00000214078"
"M18","M3_Parikshak2013__DATA/modules_allStudies.csv","User",2.68304197291424e-05,33,"ENSG00000040633, ENSG00000074266, ENSG00000092847, ENSG00000095319, ENSG00000099821, ENSG00000102221, ENSG00000105202, ENSG00000110060, ENSG00000112578, ENSG00000124571, ENSG00000126254, ENSG00000133884, ENSG00000134686, ENSG00000140598, ENSG00000141101, ENSG00000143321, ENSG00000143398, ENSG00000143493, ENSG00000145919, ENSG00000149480, ENSG00000154380, ENSG00000158321, ENSG00000159217, ENSG00000166508, ENSG00000170836, ENSG00000172053, ENSG00000173473, ENSG00000175093, ENSG00000180198, ENSG00000183655, ENSG00000186625, ENSG00000204394, ENSG00000247828"
"M2","M13_Parikshak2013__DATA/modules_allStudies.csv","User",2.69245622412116e-05,39,"ENSG00000008277, ENSG00000036530, ENSG00000041353, ENSG00000079841, ENSG00000083720, ENSG00000091513, ENSG00000118276, ENSG00000125814, ENSG00000128578, ENSG00000132639, ENSG00000135472, ENSG00000135750, ENSG00000135929, ENSG00000144285, ENSG00000144406, ENSG00000145864, ENSG00000145888, ENSG00000150394, ENSG00000150456, ENSG00000151229, ENSG00000152578, ENSG00000153233, ENSG00000154027, ENSG00000156298, ENSG00000158008, ENSG00000162188, ENSG00000163032, ENSG00000163630, ENSG00000165704, ENSG00000166342, ENSG00000166501, ENSG00000166963, ENSG00000169282, ENSG00000176406, ENSG00000184524, ENSG00000186462, ENSG00000204789, ENSG00000213760, ENSG00000245937"
"M2","3_Parikshak2016__DATA/modules_allStudies.csv","User",3.9756919566049e-05,77,"ENSG00000003987, ENSG00000005249, ENSG00000005810, ENSG00000008277, ENSG00000041353, ENSG00000050426, ENSG00000065609, ENSG00000066933, ENSG00000067221, ENSG00000068615, ENSG00000073464, ENSG00000075391, ENSG00000077264, ENSG00000083720, ENSG00000096092, ENSG00000101856, ENSG00000102452, ENSG00000104427, ENSG00000104435, ENSG00000104765, ENSG00000105784, ENSG00000106537, ENSG00000115252, ENSG00000118733, ENSG00000119185, ENSG00000119865, ENSG00000120251, ENSG00000123684, ENSG00000123983, ENSG00000134330, ENSG00000134709, ENSG00000135002, ENSG00000135750, ENSG00000136404, ENSG00000139970, ENSG00000145864, ENSG00000146267, ENSG00000146950, ENSG00000147364, ENSG00000152578, ENSG00000153933, ENSG00000155858, ENSG00000156475, ENSG00000158528, ENSG00000163053, ENSG00000163539, ENSG00000163630, ENSG00000164398, ENSG00000164604, ENSG00000164951, ENSG00000165973, ENSG00000166206, ENSG00000168959, ENSG00000171314, ENSG00000171723, ENSG00000171914, ENSG00000172915, ENSG00000173320, ENSG00000174469, ENSG00000175161, ENSG00000176055, ENSG00000176406, ENSG00000177181, ENSG00000178662, ENSG00000179542, ENSG00000179915, ENSG00000184408, ENSG00000186106, ENSG00000198513, ENSG00000198673, ENSG00000198689, ENSG00000198780, ENSG00000204856, ENSG00000205133, ENSG00000244005, ENSG00000258903, ENSG00000270581"
"M1","mod6_Gupta__DATA/modules_allStudies.csv","User",6.03166395611071e-05,52,"ENSG00000019505, ENSG00000049759, ENSG00000086300, ENSG00000095203, ENSG00000101098, ENSG00000101180, ENSG00000103154, ENSG00000105520, ENSG00000105642, ENSG00000105737, ENSG00000107954, ENSG00000108960, ENSG00000111670, ENSG00000114279, ENSG00000116396, ENSG00000116741, ENSG00000116983, ENSG00000124194, ENSG00000124772, ENSG00000130822, ENSG00000135144, ENSG00000135447, ENSG00000137727, ENSG00000141404, ENSG00000144290, ENSG00000147010, ENSG00000152954, ENSG00000157445, ENSG00000161544, ENSG00000162065, ENSG00000166257, ENSG00000166448, ENSG00000167964, ENSG00000168243, ENSG00000169213, ENSG00000170214, ENSG00000171303, ENSG00000171817, ENSG00000173267, ENSG00000175874, ENSG00000178773, ENSG00000184156, ENSG00000185052, ENSG00000185345, ENSG00000186479, ENSG00000187672, ENSG00000198133, ENSG00000204681, ENSG00000242173, ENSG00000257556, ENSG00000260918, ENSG00000261374"
"M1","tan_Mariani__DATA/modules_allStudies.csv","User",6.31140821689344e-05,31,"ENSG00000068831, ENSG00000089847, ENSG00000099308, ENSG00000101445, ENSG00000106327, ENSG00000108387, ENSG00000111674, ENSG00000116396, ENSG00000122574, ENSG00000124374, ENSG00000124507, ENSG00000127561, ENSG00000132359, ENSG00000135740, ENSG00000138028, ENSG00000138030, ENSG00000141750, ENSG00000157782, ENSG00000158458, ENSG00000158555, ENSG00000164715, ENSG00000167103, ENSG00000167549, ENSG00000169330, ENSG00000171608, ENSG00000178773, ENSG00000183114, ENSG00000184916, ENSG00000185567, ENSG00000189221, ENSG00000237289"
"M1","CD13_Gandal__DATA/modules_allStudies.csv","User",6.87041922735855e-05,19,"ENSG00000010818, ENSG00000069966, ENSG00000073910, ENSG00000107518, ENSG00000110427, ENSG00000111674, ENSG00000130830, ENSG00000135423, ENSG00000139190, ENSG00000145362, ENSG00000149575, ENSG00000153558, ENSG00000154162, ENSG00000157445, ENSG00000162374, ENSG00000165868, ENSG00000171735, ENSG00000172348, ENSG00000196876"
"M17","M8_Parikshak2013__DATA/modules_allStudies.csv","User",7.75180814951141e-05,13,"ENSG00000007866, ENSG00000011028, ENSG00000074181, ENSG00000077150, ENSG00000105137, ENSG00000106211, ENSG00000124067, ENSG00000131435, ENSG00000139263, ENSG00000144579, ENSG00000152284, ENSG00000183580, ENSG00000185650"
"M5","yellow_Tylee__DATA/modules_allStudies.csv","User",0.000152676288495378,20,"ENSG00000011243, ENSG00000072778, ENSG00000079432, ENSG00000085872, ENSG00000102125, ENSG00000107331, ENSG00000112511, ENSG00000131748, ENSG00000141582, ENSG00000143303, ENSG00000144589, ENSG00000146067, ENSG00000167615, ENSG00000167685, ENSG00000172613, ENSG00000178951, ENSG00000180104, ENSG00000182979, ENSG00000198026, ENSG00000204859"
"M6","mod5_Gupta__DATA/modules_allStudies.csv","User",0.000220603818403595,36,"ENSG00000047849, ENSG00000055208, ENSG00000064932, ENSG00000069399, ENSG00000087086, ENSG00000103257, ENSG00000108679, ENSG00000108828, ENSG00000113916, ENSG00000118785, ENSG00000121104, ENSG00000124570, ENSG00000130303, ENSG00000132002, ENSG00000137193, ENSG00000137404, ENSG00000142657, ENSG00000148498, ENSG00000160211, ENSG00000161011, ENSG00000162430, ENSG00000163565, ENSG00000163931, ENSG00000164054, ENSG00000165507, ENSG00000168610, ENSG00000169902, ENSG00000172992, ENSG00000173926, ENSG00000180233, ENSG00000182541, ENSG00000185753, ENSG00000186577, ENSG00000203805, ENSG00000221869, ENSG00000235501"
"M8","19_Parikshak2016__DATA/modules_allStudies.csv","User",0.000223230371670383,17,"ENSG00000062822, ENSG00000090924, ENSG00000099860, ENSG00000104081, ENSG00000105281, ENSG00000113732, ENSG00000118292, ENSG00000136997, ENSG00000141510, ENSG00000142627, ENSG00000146112, ENSG00000147065, ENSG00000148841, ENSG00000158710, ENSG00000162889, ENSG00000167693, ENSG00000173039"
"M2","M2_DeRosa35__DATA/modules_allStudies.csv","User",0.00023205312053161,41,"ENSG00000005810, ENSG00000066933, ENSG00000073464, ENSG00000081026, ENSG00000089775, ENSG00000091844, ENSG00000100523, ENSG00000109832, ENSG00000115977, ENSG00000118473, ENSG00000122012, ENSG00000132164, ENSG00000137460, ENSG00000139132, ENSG00000139915, ENSG00000143190, ENSG00000146267, ENSG00000150394, ENSG00000151092, ENSG00000153012, ENSG00000153563, ENSG00000155744, ENSG00000171016, ENSG00000173611, ENSG00000174501, ENSG00000176148, ENSG00000180479, ENSG00000184408, ENSG00000185565, ENSG00000198932, ENSG00000226352, ENSG00000231074, ENSG00000245937, ENSG00000257151, ENSG00000260230, ENSG00000260398, ENSG00000266045, ENSG00000270581, ENSG00000271147, ENSG00000271533, ENSG00000273081"
"M9","mod4_Gupta__DATA/modules_allStudies.csv","User",0.00034049473800501,33,"ENSG00000065427, ENSG00000066379, ENSG00000072506, ENSG00000083457, ENSG00000087884, ENSG00000092841, ENSG00000093144, ENSG00000105185, ENSG00000108294, ENSG00000111639, ENSG00000112081, ENSG00000115541, ENSG00000115816, ENSG00000115946, ENSG00000119705, ENSG00000124380, ENSG00000127922, ENSG00000134248, ENSG00000136522, ENSG00000137876, ENSG00000143977, ENSG00000147419, ENSG00000150779, ENSG00000152455, ENSG00000164182, ENSG00000172172, ENSG00000180817, ENSG00000188010, ENSG00000214485, ENSG00000225470, ENSG00000232956, ENSG00000234545, ENSG00000235043"
"M4","M4_DeRosa35__DATA/modules_allStudies.csv","User",0.000362222426047612,14,"ENSG00000088756, ENSG00000120332, ENSG00000123427, ENSG00000128606, ENSG00000138735, ENSG00000139926, ENSG00000144824, ENSG00000151135, ENSG00000163430, ENSG00000166147, ENSG00000170340, ENSG00000184743, ENSG00000184867, ENSG00000197712"
"M16","19_Parikshak2016__DATA/modules_allStudies.csv","User",0.000444954555875393,12,"ENSG00000064666, ENSG00000122786, ENSG00000125753, ENSG00000134871, ENSG00000135269, ENSG00000137331, ENSG00000138119, ENSG00000150457, ENSG00000169756, ENSG00000182718, ENSG00000187498, ENSG00000187840"
"M6","green_Mariani__DATA/modules_allStudies.csv","User",0.000515441151092046,38,"ENSG00000004399, ENSG00000004455, ENSG00000020577, ENSG00000033170, ENSG00000059804, ENSG00000064932, ENSG00000072786, ENSG00000085733, ENSG00000095380, ENSG00000100596, ENSG00000102172, ENSG00000102996, ENSG00000104635, ENSG00000110057, ENSG00000110660, ENSG00000111859, ENSG00000117676, ENSG00000118785, ENSG00000123130, ENSG00000130303, ENSG00000132002, ENSG00000136770, ENSG00000137193, ENSG00000140564, ENSG00000153976, ENSG00000156675, ENSG00000161179, ENSG00000163251, ENSG00000164713, ENSG00000165476, ENSG00000166833, ENSG00000169032, ENSG00000173638, ENSG00000180233, ENSG00000185585, ENSG00000198355, ENSG00000198517, ENSG00000198796"
"M6","blue_Tylee__DATA/modules_allStudies.csv","User",0.00062017563123679,36,"ENSG00000033327, ENSG00000068323, ENSG00000069399, ENSG00000072786, ENSG00000105514, ENSG00000108840, ENSG00000111859, ENSG00000112242, ENSG00000113916, ENSG00000116514, ENSG00000117676, ENSG00000119408, ENSG00000119669, ENSG00000120306, ENSG00000125505, ENSG00000137404, ENSG00000140443, ENSG00000142599, ENSG00000143367, ENSG00000143878, ENSG00000144802, ENSG00000158470, ENSG00000160211, ENSG00000163931, ENSG00000164713, ENSG00000167987, ENSG00000167996, ENSG00000168610, ENSG00000173638, ENSG00000177156, ENSG00000182541, ENSG00000184489, ENSG00000184557, ENSG00000185950, ENSG00000198355, ENSG00000221869"
"M5","CD9_Gandal__DATA/modules_allStudies.csv","User",0.000639524917439794,15,"ENSG00000011243, ENSG00000104936, ENSG00000108773, ENSG00000112511, ENSG00000124587, ENSG00000130684, ENSG00000131748, ENSG00000140400, ENSG00000141503, ENSG00000161010, ENSG00000171298, ENSG00000172663, ENSG00000173404, ENSG00000182979, ENSG00000198276"
"M12","brown_Tylee__DATA/modules_allStudies.csv","User",0.000657818308276559,27,"ENSG00000058729, ENSG00000106355, ENSG00000106399, ENSG00000109775, ENSG00000117133, ENSG00000121350, ENSG00000128534, ENSG00000128708, ENSG00000134375, ENSG00000135698, ENSG00000141428, ENSG00000142892, ENSG00000143156, ENSG00000145331, ENSG00000145604, ENSG00000145781, ENSG00000146757, ENSG00000148444, ENSG00000151611, ENSG00000155100, ENSG00000155636, ENSG00000163002, ENSG00000163607, ENSG00000165512, ENSG00000168116, ENSG00000174842, ENSG00000198551"
"M12","CD7_Gandal__DATA/modules_allStudies.csv","User",0.00077716607479094,20,"ENSG00000058729, ENSG00000083937, ENSG00000101310, ENSG00000104671, ENSG00000106355, ENSG00000109775, ENSG00000117133, ENSG00000123505, ENSG00000124795, ENSG00000128534, ENSG00000128708, ENSG00000131171, ENSG00000133731, ENSG00000136937, ENSG00000139687, ENSG00000141424, ENSG00000142892, ENSG00000168036, ENSG00000197045, ENSG00000206527"
"M17","19_Parikshak2016__DATA/modules_allStudies.csv","User",0.000889763300896472,12,"ENSG00000007866, ENSG00000018408, ENSG00000067182, ENSG00000077150, ENSG00000105137, ENSG00000105559, ENSG00000120690, ENSG00000142227, ENSG00000177426, ENSG00000181826, ENSG00000185650, ENSG00000213719"
"M2","M19_DeRosa35__DATA/modules_allStudies.csv","User",0.00101073393942303,19,"ENSG00000074211, ENSG00000077063, ENSG00000106537, ENSG00000109771, ENSG00000117598, ENSG00000155858, ENSG00000156486, ENSG00000163053, ENSG00000164796, ENSG00000165379, ENSG00000168824, ENSG00000173210, ENSG00000176884, ENSG00000179935, ENSG00000186472, ENSG00000197959, ENSG00000204130, ENSG00000229692, ENSG00000260464"
"M2","mod6_Gupta__DATA/modules_allStudies.csv","User",0.00107628402850749,43,"ENSG00000005810, ENSG00000006432, ENSG00000040341, ENSG00000041353, ENSG00000050030, ENSG00000066933, ENSG00000067221, ENSG00000075391, ENSG00000103942, ENSG00000109832, ENSG00000122417, ENSG00000123570, ENSG00000136531, ENSG00000139220, ENSG00000139915, ENSG00000145990, ENSG00000153253, ENSG00000153933, ENSG00000154127, ENSG00000154975, ENSG00000155744, ENSG00000155858, ENSG00000162188, ENSG00000163630, ENSG00000165434, ENSG00000166501, ENSG00000167508, ENSG00000174482, ENSG00000175161, ENSG00000178235, ENSG00000179240, ENSG00000179915, ENSG00000184672, ENSG00000186469, ENSG00000186472, ENSG00000188211, ENSG00000188227, ENSG00000243444, ENSG00000254429, ENSG00000259796, ENSG00000260630, ENSG00000261496, ENSG00000265579"
"M9","2_Voineagu__DATA/modules_allStudies.csv","User",0.00108835402898541,34,"ENSG00000041357, ENSG00000070501, ENSG00000092020, ENSG00000093144, ENSG00000100823, ENSG00000101457, ENSG00000105185, ENSG00000106028, ENSG00000111639, ENSG00000125870, ENSG00000125877, ENSG00000131475, ENSG00000131966, ENSG00000132432, ENSG00000133142, ENSG00000135316, ENSG00000136522, ENSG00000136897, ENSG00000137692, ENSG00000140307, ENSG00000147224, ENSG00000147669, ENSG00000163938, ENSG00000164258, ENSG00000165732, ENSG00000166226, ENSG00000170791, ENSG00000171202, ENSG00000174446, ENSG00000175581, ENSG00000180817, ENSG00000181610, ENSG00000204220, ENSG00000239900"
"M2","M17_Parikshak2013__DATA/modules_allStudies.csv","User",0.00118537244094415,47,"ENSG00000009694, ENSG00000069712, ENSG00000074211, ENSG00000096092, ENSG00000102290, ENSG00000102452, ENSG00000102678, ENSG00000103942, ENSG00000115840, ENSG00000117480, ENSG00000119865, ENSG00000123983, ENSG00000131018, ENSG00000132164, ENSG00000137941, ENSG00000139220, ENSG00000148948, ENSG00000149054, ENSG00000151883, ENSG00000151948, ENSG00000153012, ENSG00000153814, ENSG00000153933, ENSG00000160326, ENSG00000162929, ENSG00000164398, ENSG00000164983, ENSG00000165379, ENSG00000170396, ENSG00000173452, ENSG00000176884, ENSG00000181072, ENSG00000183023, ENSG00000183166, ENSG00000184408, ENSG00000184992, ENSG00000185742, ENSG00000187391, ENSG00000187957, ENSG00000188211, ENSG00000196189, ENSG00000198932, ENSG00000204267, ENSG00000223960, ENSG00000243444, ENSG00000250241, ENSG00000254429"
"M15","cyan_Tylee__DATA/modules_allStudies.csv","User",0.00136188770782048,11,"ENSG00000064490, ENSG00000065057, ENSG00000102030, ENSG00000104980, ENSG00000125458, ENSG00000139546, ENSG00000143793, ENSG00000179950, ENSG00000183751, ENSG00000184436, ENSG00000197530"
"M18","red_Mariani__DATA/modules_allStudies.csv","User",0.00147362859597374,33,"ENSG00000003056, ENSG00000010165, ENSG00000025772, ENSG00000035403, ENSG00000066855, ENSG00000072736, ENSG00000108423, ENSG00000109534, ENSG00000112276, ENSG00000112578, ENSG00000114491, ENSG00000115484, ENSG00000118960, ENSG00000120656, ENSG00000126254, ENSG00000132382, ENSG00000133704, ENSG00000135083, ENSG00000141101, ENSG00000141380, ENSG00000151718, ENSG00000169230, ENSG00000172053, ENSG00000179051, ENSG00000179134, ENSG00000180198, ENSG00000181026, ENSG00000181163, ENSG00000183255, ENSG00000186625, ENSG00000196924, ENSG00000227057, ENSG00000241945"
"M16","red_Mariani__DATA/modules_allStudies.csv","User",0.00182644661850672,26,"ENSG00000060982, ENSG00000064666, ENSG00000072110, ENSG00000087263, ENSG00000087269, ENSG00000100034, ENSG00000100522, ENSG00000100625, ENSG00000101335, ENSG00000101444, ENSG00000104472, ENSG00000112210, ENSG00000114019, ENSG00000119280, ENSG00000122786, ENSG00000125741, ENSG00000128567, ENSG00000130176, ENSG00000149591, ENSG00000151131, ENSG00000159873, ENSG00000162614, ENSG00000163584, ENSG00000198034, ENSG00000198467, ENSG00000213064"
"M9","CD5_Gandal__DATA/modules_allStudies.csv","User",0.00229420400911901,31,"ENSG00000011260, ENSG00000041357, ENSG00000070501, ENSG00000075089, ENSG00000078237, ENSG00000092020, ENSG00000100823, ENSG00000101132, ENSG00000106028, ENSG00000107937, ENSG00000111802, ENSG00000114446, ENSG00000114686, ENSG00000124532, ENSG00000131966, ENSG00000132432, ENSG00000134248, ENSG00000137547, ENSG00000137876, ENSG00000143756, ENSG00000147224, ENSG00000147669, ENSG00000163938, ENSG00000164163, ENSG00000164258, ENSG00000166226, ENSG00000169019, ENSG00000170791, ENSG00000171103, ENSG00000174446, ENSG00000180817"
"M17","CD4_Gandal__DATA/modules_allStudies.csv","User",0.00229907266838014,22,"ENSG00000007384, ENSG00000018408, ENSG00000079308, ENSG00000102935, ENSG00000104870, ENSG00000106211, ENSG00000107104, ENSG00000124067, ENSG00000129219, ENSG00000131095, ENSG00000136869, ENSG00000142227, ENSG00000144579, ENSG00000152284, ENSG00000155366, ENSG00000165458, ENSG00000166033, ENSG00000166925, ENSG00000177807, ENSG00000183580, ENSG00000185650, ENSG00000241839"
"M17","greenyellow_Mariani__DATA/modules_allStudies.csv","User",0.00295481650917957,17,"ENSG00000100258, ENSG00000105137, ENSG00000117984, ENSG00000120690, ENSG00000120896, ENSG00000128283, ENSG00000142227, ENSG00000144579, ENSG00000155366, ENSG00000157933, ENSG00000161638, ENSG00000166925, ENSG00000169692, ENSG00000170653, ENSG00000173548, ENSG00000175938, ENSG00000183386"
"M15","M14_DeRosa35__DATA/modules_allStudies.csv","User",0.00428227449381881,11,"ENSG00000064490, ENSG00000104529, ENSG00000105618, ENSG00000125458, ENSG00000127554, ENSG00000139546, ENSG00000172009, ENSG00000172922, ENSG00000174851, ENSG00000179950, ENSG00000213722"
"M8","yellow_Tylee__DATA/modules_allStudies.csv","User",0.00447196564073987,18,"ENSG00000061273, ENSG00000088038, ENSG00000099917, ENSG00000102858, ENSG00000103126, ENSG00000104081, ENSG00000105287, ENSG00000116786, ENSG00000129245, ENSG00000141510, ENSG00000141522, ENSG00000142002, ENSG00000156860, ENSG00000160741, ENSG00000164889, ENSG00000173039, ENSG00000177051, ENSG00000197063"
"M2","pink_Mariani__DATA/modules_allStudies.csv","User",0.00458850388800871,37,"ENSG00000041353, ENSG00000050426, ENSG00000067221, ENSG00000102144, ENSG00000104154, ENSG00000105220, ENSG00000107282, ENSG00000115252, ENSG00000115977, ENSG00000118946, ENSG00000132164, ENSG00000132639, ENSG00000132975, ENSG00000136928, ENSG00000144278, ENSG00000147364, ENSG00000151092, ENSG00000152578, ENSG00000153233, ENSG00000157388, ENSG00000159399, ENSG00000159403, ENSG00000162105, ENSG00000164188, ENSG00000164796, ENSG00000165973, ENSG00000168546, ENSG00000169122, ENSG00000169282, ENSG00000173210, ENSG00000176055, ENSG00000179603, ENSG00000184408, ENSG00000185742, ENSG00000197959, ENSG00000198961, ENSG00000254429"
"M3","M12_Parikshak2013__DATA/modules_allStudies.csv","User",0.00469422090470245,32,"ENSG00000085514, ENSG00000089692, ENSG00000099338, ENSG00000109758, ENSG00000121716, ENSG00000124713, ENSG00000129946, ENSG00000132024, ENSG00000140398, ENSG00000141013, ENSG00000152117, ENSG00000162004, ENSG00000173137, ENSG00000173209, ENSG00000181016, ENSG00000182685, ENSG00000186567, ENSG00000187609, ENSG00000188747, ENSG00000196668, ENSG00000204248, ENSG00000204421, ENSG00000204428, ENSG00000205041, ENSG00000213640, ENSG00000224975, ENSG00000234630, ENSG00000234771, ENSG00000235245, ENSG00000239884, ENSG00000243302, ENSG00000254995"
"M2","10_Parikshak2016__DATA/modules_allStudies.csv","User",0.0049808019305139,24,"ENSG00000051382, ENSG00000075303, ENSG00000102144, ENSG00000105220, ENSG00000115840, ENSG00000123570, ENSG00000132975, ENSG00000135472, ENSG00000138078, ENSG00000145990, ENSG00000146352, ENSG00000148660, ENSG00000148798, ENSG00000154027, ENSG00000158301, ENSG00000163032, ENSG00000168546, ENSG00000168824, ENSG00000176595, ENSG00000183023, ENSG00000186310, ENSG00000186462, ENSG00000197959, ENSG00000260838"
"M9","red_Mariani__DATA/modules_allStudies.csv","User",0.00703461226214259,37,"ENSG00000002549, ENSG00000013503, ENSG00000066379, ENSG00000072506, ENSG00000086200, ENSG00000092841, ENSG00000107937, ENSG00000111142, ENSG00000111196, ENSG00000111639, ENSG00000114767, ENSG00000115541, ENSG00000115946, ENSG00000116489, ENSG00000120800, ENSG00000125877, ENSG00000131475, ENSG00000132603, ENSG00000134371, ENSG00000134697, ENSG00000136522, ENSG00000137547, ENSG00000138385, ENSG00000143756, ENSG00000158417, ENSG00000159055, ENSG00000163938, ENSG00000164163, ENSG00000164258, ENSG00000165732, ENSG00000166265, ENSG00000170855, ENSG00000171135, ENSG00000172172, ENSG00000174446, ENSG00000175581, ENSG00000204220"
"M16","mod5_Gupta__DATA/modules_allStudies.csv","User",0.00756109875544243,20,"ENSG00000103187, ENSG00000105974, ENSG00000112576, ENSG00000114850, ENSG00000119280, ENSG00000125753, ENSG00000131446, ENSG00000131459, ENSG00000132561, ENSG00000134871, ENSG00000134910, ENSG00000140682, ENSG00000142089, ENSG00000148248, ENSG00000168374, ENSG00000169756, ENSG00000182718, ENSG00000183010, ENSG00000187498, ENSG00000187840"
"M9","M14_Parikshak2013__DATA/modules_allStudies.csv","User",0.00801513780764975,24,"ENSG00000066379, ENSG00000107937, ENSG00000111142, ENSG00000112081, ENSG00000114686, ENSG00000115128, ENSG00000115875, ENSG00000134697, ENSG00000135486, ENSG00000135900, ENSG00000140307, ENSG00000154743, ENSG00000155438, ENSG00000160688, ENSG00000163468, ENSG00000166226, ENSG00000168002, ENSG00000168818, ENSG00000172262, ENSG00000180817, ENSG00000182004, ENSG00000198393, ENSG00000214485, ENSG00000229212"
"M14","brown_Mariani__DATA/modules_allStudies.csv","User",0.00921447258230337,36,"ENSG00000002746, ENSG00000033122, ENSG00000055813, ENSG00000073969, ENSG00000085365, ENSG00000102466, ENSG00000107758, ENSG00000122008, ENSG00000125851, ENSG00000127152, ENSG00000128609, ENSG00000129682, ENSG00000142875, ENSG00000152402, ENSG00000152953, ENSG00000157680, ENSG00000162630, ENSG00000164129, ENSG00000164187, ENSG00000164418, ENSG00000165186, ENSG00000166006, ENSG00000169306, ENSG00000170419, ENSG00000170579, ENSG00000172260, ENSG00000174695, ENSG00000177432, ENSG00000177888, ENSG00000182901, ENSG00000184226, ENSG00000187068, ENSG00000188580, ENSG00000196277, ENSG00000206052, ENSG00000215475"
"M17","blue_Tylee__DATA/modules_allStudies.csv","User",0.0104108094098673,21,"ENSG00000012822, ENSG00000035862, ENSG00000067182, ENSG00000077150, ENSG00000089351, ENSG00000100299, ENSG00000103507, ENSG00000104870, ENSG00000105329, ENSG00000110046, ENSG00000114353, ENSG00000117984, ENSG00000136869, ENSG00000159840, ENSG00000161638, ENSG00000166925, ENSG00000170345, ENSG00000183386, ENSG00000185650, ENSG00000186635, ENSG00000241839"
"M1","blue_Mariani__DATA/modules_allStudies.csv","User",0.0104209447429808,80,"ENSG00000004777, ENSG00000008735, ENSG00000047634, ENSG00000069424, ENSG00000069966, ENSG00000073803, ENSG00000075035, ENSG00000075340, ENSG00000077080, ENSG00000101204, ENSG00000101210, ENSG00000103034, ENSG00000103723, ENSG00000105613, ENSG00000105737, ENSG00000107560, ENSG00000109436, ENSG00000113391, ENSG00000116852, ENSG00000124194, ENSG00000126217, ENSG00000127585, ENSG00000128268, ENSG00000129159, ENSG00000129990, ENSG00000130822, ENSG00000133069, ENSG00000134376, ENSG00000134775, ENSG00000135144, ENSG00000135622, ENSG00000136040, ENSG00000137218, ENSG00000142549, ENSG00000143630, ENSG00000146216, ENSG00000149679, ENSG00000149926, ENSG00000151746, ENSG00000152433, ENSG00000156011, ENSG00000157985, ENSG00000158445, ENSG00000159905, ENSG00000161082, ENSG00000161298, ENSG00000161647, ENSG00000161681, ENSG00000162374, ENSG00000162706, ENSG00000163531, ENSG00000163704, ENSG00000163873, ENSG00000166405, ENSG00000167619, ENSG00000168243, ENSG00000169258, ENSG00000169783, ENSG00000171368, ENSG00000171735, ENSG00000171798, ENSG00000176171, ENSG00000181982, ENSG00000184156, ENSG00000185615, ENSG00000186231, ENSG00000186642, ENSG00000187372, ENSG00000187486, ENSG00000187672, ENSG00000196110, ENSG00000196361, ENSG00000196867, ENSG00000196876, ENSG00000197927, ENSG00000198910, ENSG00000212864, ENSG00000213023, ENSG00000240694, ENSG00000242173"
"M1","10_Parikshak2016__DATA/modules_allStudies.csv","User",0.0137500398459496,26,"ENSG00000067057, ENSG00000067842, ENSG00000069424, ENSG00000074317, ENSG00000077080, ENSG00000100604, ENSG00000104863, ENSG00000106976, ENSG00000107518, ENSG00000110786, ENSG00000112796, ENSG00000113327, ENSG00000123360, ENSG00000130830, ENSG00000135423, ENSG00000135631, ENSG00000144290, ENSG00000149575, ENSG00000157445, ENSG00000158828, ENSG00000163577, ENSG00000163995, ENSG00000171735, ENSG00000172348, ENSG00000177301, ENSG00000197444"
"M4","greenyellow_Mariani__DATA/modules_allStudies.csv","User",0.0143071832403673,24,"ENSG00000087303, ENSG00000100934, ENSG00000109113, ENSG00000113140, ENSG00000122691, ENSG00000123268, ENSG00000135736, ENSG00000140577, ENSG00000149257, ENSG00000151233, ENSG00000155254, ENSG00000164294, ENSG00000176142, ENSG00000177951, ENSG00000178202, ENSG00000179954, ENSG00000181458, ENSG00000182158, ENSG00000184232, ENSG00000185483, ENSG00000189184, ENSG00000197256, ENSG00000198682, ENSG00000205978"
"M1","4_Parikshak2016__DATA/modules_allStudies.csv","User",0.0155928634709603,25,"ENSG00000008056, ENSG00000072062, ENSG00000073150, ENSG00000099365, ENSG00000099822, ENSG00000116396, ENSG00000129159, ENSG00000131398, ENSG00000137218, ENSG00000139910, ENSG00000141750, ENSG00000142549, ENSG00000157782, ENSG00000158856, ENSG00000165813, ENSG00000166448, ENSG00000166862, ENSG00000167281, ENSG00000168993, ENSG00000171368, ENSG00000172350, ENSG00000181982, ENSG00000223459, ENSG00000228594, ENSG00000235477"
"M2","CD13_Gandal__DATA/modules_allStudies.csv","User",0.0229204880718721,14,"ENSG00000005810, ENSG00000008277, ENSG00000065609, ENSG00000067715, ENSG00000091157, ENSG00000102678, ENSG00000114948, ENSG00000121871, ENSG00000136531, ENSG00000148798, ENSG00000154027, ENSG00000163032, ENSG00000168824, ENSG00000198689"
"M6","22_Parikshak2016__DATA/modules_allStudies.csv","User",0.0247814675716861,15,"ENSG00000004399, ENSG00000090975, ENSG00000110697, ENSG00000130720, ENSG00000136295, ENSG00000136848, ENSG00000140564, ENSG00000162522, ENSG00000163347, ENSG00000167987, ENSG00000182319, ENSG00000188766, ENSG00000196083, ENSG00000237238, ENSG00000267473"
"M17","CD1_Gandal__DATA/modules_allStudies.csv","User",0.0259806120937951,26,"ENSG00000056661, ENSG00000090020, ENSG00000090615, ENSG00000103507, ENSG00000110046, ENSG00000110237, ENSG00000116604, ENSG00000117984, ENSG00000130479, ENSG00000134590, ENSG00000137726, ENSG00000139625, ENSG00000141867, ENSG00000154146, ENSG00000159840, ENSG00000160767, ENSG00000163050, ENSG00000172375, ENSG00000181222, ENSG00000183248, ENSG00000183741, ENSG00000185340, ENSG00000196498, ENSG00000196588, ENSG00000203685, ENSG00000213015"
"M4","CD4_Gandal__DATA/modules_allStudies.csv","User",0.0428944080496825,31,"ENSG00000069431, ENSG00000071967, ENSG00000077942, ENSG00000104213, ENSG00000106080, ENSG00000109472, ENSG00000111077, ENSG00000111817, ENSG00000113658, ENSG00000113721, ENSG00000115461, ENSG00000115825, ENSG00000116132, ENSG00000117318, ENSG00000125968, ENSG00000130203, ENSG00000134250, ENSG00000135063, ENSG00000135916, ENSG00000156076, ENSG00000157240, ENSG00000158195, ENSG00000162733, ENSG00000163430, ENSG00000165801, ENSG00000166292, ENSG00000167601, ENSG00000168938, ENSG00000169439, ENSG00000170624, ENSG00000180447"
"M4","M8_Parikshak2013__DATA/modules_allStudies.csv","User",0.0477786257753562,14,"ENSG00000014914, ENSG00000109113, ENSG00000128606, ENSG00000128791, ENSG00000134250, ENSG00000135736, ENSG00000141756, ENSG00000163430, ENSG00000166130, ENSG00000166482, ENSG00000168476, ENSG00000178202, ENSG00000183798, ENSG00000197712"
"M8","mod5_Gupta__DATA/modules_allStudies.csv","User",0.0491627978874363,29,"ENSG00000026025, ENSG00000049323, ENSG00000061273, ENSG00000076716, ENSG00000099875, ENSG00000103855, ENSG00000116670, ENSG00000126391, ENSG00000126603, ENSG00000129116, ENSG00000129925, ENSG00000135404, ENSG00000140497, ENSG00000143570, ENSG00000143641, ENSG00000147065, ENSG00000148841, ENSG00000158710, ENSG00000160410, ENSG00000160741, ENSG00000160789, ENSG00000162889, ENSG00000164111, ENSG00000167693, ENSG00000169733, ENSG00000173039, ENSG00000177697, ENSG00000185122, ENSG00000185262"
